TOTAL DE PAÍSES,lat,lng,2583.0,2995.0,3480.0,4034.0,4643.0,5269.0,5891.0,6507.0,7107.0,7655.0,8091.0,8398.0,8551.0,8531.0,8348.0,8031.0,7617.0,7153.0,6690.0,6247.0,5835.0,5455.0,5101.0,4748.0,4388.0,4052.0,3741.0,3435.0,3144.0,2884.0,2643.0,2422.0,2229.0,2045.0,1860.0,1683.0,1521.0,1380.0,1252.0,1135.0,1035.0,954.0,876.0,801.0,743.0,693.0,644.0,599.0
TOTAL UNIÓN EUROPEA,,,727.0,905.0,1148.0,1379.0,1536.0,1678.0,1799.0,1934.0,1960.0,1871.0,1926.0,2049.0,2147.0,2202.0,2185.0,2141.0,2096.0,2013.0,1844.0,1689.0,1618.0,1596.0,1527.0,1435.0,1381.0,1265.0,1148.0,1131.0,1024.0,938.0,903.0,761.0,682.0,675.0,643.0,598.0,532.0,515.0,478.0,432.0,452.0,424.0,361.0,336.0,315.0,302.0,300.0,288.0
Alemania,51.165691,10.451526,66.0,61.0,66.0,78.0,78.0,83.0,97.0,112.0,126.0,128.0,133.0,164.0,164.0,146.0,169.0,175.0,157.0,182.0,173.0,145.0,158.0,148.0,130.0,127.0,120.0,122.0,133.0,109.0,89.0,84.0,91.0,79.0,71.0,78.0,67.0,58.0,38.0,34.0,44.0,54.0,73.0,72.0,57.0,59.0,46.0,53.0,73.0,76.0
Austria,47.516231,14.550072,3.0,2.0,5.0,8.0,11.0,10.0,8.0,16.0,24.0,24.0,24.0,29.0,40.0,38.0,26.0,24.0,37.0,42.0,27.0,15.0,15.0,20.0,19.0,13.0,10.0,11.0,10.0,13.0,15.0,12.0,8.0,4.0,5.0,10.0,19.0,16.0,5.0,10.0,8.0,0.0,3.0,3.0,1.0,7.0,7.0,1.0,0.0,1.0
Bélgica,50.503887,4.469936,45.0,47.0,46.0,55.0,57.0,59.0,65.0,75.0,79.0,77.0,83.0,95.0,100.0,96.0,92.0,90.0,92.0,80.0,73.0,65.0,57.0,65.0,62.0,57.0,66.0,81.0,85.0,78.0,65.0,54.0,48.0,42.0,39.0,32.0,20.0,18.0,19.0,17.0,22.0,26.0,20.0,16.0,17.0,16.0,13.0,17.0,18.0,14.0
Bulgaria,42.733883,25.48583,32.0,28.0,47.0,74.0,93.0,97.0,80.0,76.0,99.0,107.0,96.0,85.0,102.0,120.0,123.0,126.0,106.0,90.0,96.0,92.0,77.0,82.0,96.0,78.0,58.0,57.0,56.0,68.0,74.0,76.0,78.0,55.0,39.0,40.0,37.0,41.0,49.0,37.0,31.0,36.0,42.0,36.0,16.0,9.0,6.0,4.0,5.0,7.0
Chipre,35.126413,33.429859,0.0,0.0,0.0,0.0,0.0,0.0,0.0,0.0,1.0,1.0,0.0,0.0,1.0,1.0,2.0,2.0,0.0,2.0,2.0,0.0,0.0,0.0,0.0,0.0,0.0,0.0,0.0,0.0,0.0,0.0,0.0,0.0,0.0,0.0,0.0,0.0,0.0,0.0,0.0,0.0,1.0,1.0,0.0,0.0,0.0,0.0,0.0,0.0
Dinamarca,56.26392,9.501785,7.0,9.0,8.0,11.0,10.0,8.0,10.0,6.0,8.0,9.0,9.0,12.0,10.0,10.0,13.0,14.0,10.0,4.0,7.0,9.0,5.0,5.0,6.0,9.0,6.0,2.0,3.0,7.0,5.0,2.0,3.0,3.0,2.0,2.0,5.0,3.0,1.0,1.0,0.0,4.0,4.0,1.0,3.0,2.0,2.0,2.0,2.0,2.0
Eslovenia,46.151241,14.995463,0.0,0.0,0.0,0.0,0.0,0.0,2.0,2.0,0.0,0.0,0.0,0.0,0.0,0.0,0.0,0.0,0.0,0.0,0.0,2.0,3.0,1.0,0.0,0.0,0.0,0.0,0.0,0.0,0.0,0.0,0.0,0.0,0.0,0.0,0.0,0.0,0.0,0.0,0.0,0.0,0.0,0.0,0.0,0.0,0.0,0.0,0.0,0.0
Estonia,58.595272,25.013607,1.0,0.0,0.0,0.0,0.0,0.0,0.0,0.0,0.0,0.0,1.0,0.0,0.0,2.0,2.0,0.0,4.0,5.0,0.0,0.0,1.0,1.0,2.0,1.0,0.0,1.0,0.0,0.0,0.0,1.0,1.0,0.0,0.0,0.0,0.0,0.0,0.0,0.0,0.0,0.0,0.0,0.0,0.0,0.0,0.0,0.0,0.0,0.0
Finlandia,61.92410999999999,25.748151,1.0,2.0,2.0,1.0,2.0,2.0,2.0,5.0,5.0,3.0,3.0,4.0,8.0,10.0,7.0,7.0,6.0,5.0,5.0,5.0,7.0,4.0,2.0,2.0,2.0,2.0,1.0,3.0,4.0,2.0,1.0,3.0,3.0,0.0,2.0,2.0,0.0,2.0,3.0,1.0,0.0,0.0,0.0,1.0,1.0,0.0,2.0,2.0
Francia,46.227638,2.213749,109.0,125.0,152.0,159.0,170.0,222.0,267.0,284.0,316.0,344.0,348.0,357.0,358.0,354.0,388.0,402.0,356.0,330.0,323.0,316.0,301.0,262.0,235.0,200.0,166.0,165.0,174.0,154.0,126.0,129.0,122.0,107.0,99.0,80.0,72.0,64.0,47.0,54.0,63.0,48.0,41.0,47.0,47.0,33.0,44.0,45.0,30.0,37.0
Grecia,39.074208,21.824312,1.0,1.0,1.0,3.0,4.0,2.0,3.0,3.0,5.0,7.0,8.0,8.0,11.0,10.0,8.0,9.0,7.0,7.0,9.0,9.0,9.0,8.0,3.0,3.0,5.0,5.0,4.0,3.0,4.0,5.0,2.0,1.0,1.0,1.0,1.0,2.0,2.0,0.0,0.0,0.0,0.0,0.0,0.0,0.0,0.0,0.0,0.0,0.0
Hungría,47.162494,19.503304,0.0,0.0,2.0,4.0,4.0,8.0,7.0,2.0,4.0,7.0,7.0,7.0,5.0,3.0,1.0,3.0,4.0,5.0,11.0,9.0,4.0,2.0,1.0,1.0,5.0,5.0,0.0,0.0,1.0,1.0,0.0,0.0,0.0,1.0,1.0,0.0,0.0,0.0,1.0,1.0,0.0,2.0,2.0,0.0,0.0,1.0,1.0,0.0
Irlanda,53.41291,-8.24389,6.0,6.0,7.0,4.0,7.0,12.0,11.0,8.0,11.0,8.0,3.0,10.0,16.0,17.0,19.0,16.0,12.0,8.0,9.0,11.0,9.0,6.0,2.0,2.0,3.0,5.0,5.0,2.0,4.0,5.0,2.0,3.0,4.0,6.0,4.0,4.0,4.0,0.0,2.0,2.0,0.0,0.0,0.0,1.0,1.0,0.0,1.0,1.0
Italia,41.87194,12.56738,54.0,71.0,80.0,95.0,102.0,124.0,154.0,168.0,187.0,186.0,189.0,210.0,213.0,225.0,228.0,183.0,170.0,173.0,157.0,148.0,123.0,111.0,103.0,109.0,124.0,113.0,108.0,87.0,63.0,71.0,65.0,38.0,39.0,50.0,41.0,38.0,37.0,24.0,21.0,27.0,21.0,13.0,12.0,9.0,10.0,12.0,10.0,9.0
Letonia,56.879635,24.603189,0.0,4.0,6.0,9.0,9.0,2.0,0.0,0.0,2.0,4.0,4.0,2.0,8.0,8.0,4.0,4.0,1.0,1.0,2.0,2.0,0.0,0.0,0.0,0.0,0.0,2.0,2.0,0.0,0.0,0.0,0.0,2.0,2.0,0.0,4.0,7.0,6.0,4.0,2.0,0.0,0.0,0.0,0.0,0.0,0.0,0.0,0.0,0.0
Lituania,55.169438,23.881275,14.0,26.0,40.0,51.0,39.0,33.0,32.0,49.0,49.0,36.0,38.0,32.0,24.0,18.0,15.0,24.0,25.0,13.0,14.0,24.0,22.0,17.0,25.0,21.0,13.0,10.0,10.0,19.0,16.0,7.0,10.0,5.0,3.0,6.0,6.0,5.0,5.0,2.0,1.0,0.0,0.0,0.0,0.0,0.0,1.0,0.0,0.0,0.0
Luxemburgo,49.815273,6.129582999999999,0.0,0.0,0.0,0.0,0.0,0.0,0.0,0.0,0.0,0.0,0.0,0.0,0.0,0.0,0.0,0.0,0.0,0.0,0.0,2.0,2.0,1.0,1.0,0.0,0.0,0.0,0.0,0.0,0.0,0.0,0.0,0.0,0.0,1.0,1.0,0.0,0.0,2.0,2.0,4.0,4.0,1.0,1.0,3.0,3.0,0.0,0.0,0.0
Malta,35.937496,14.375416,0.0,0.0,0.0,0.0,0.0,0.0,0.0,0.0,0.0,1.0,1.0,0.0,0.0,0.0,0.0,0.0,2.0,2.0,0.0,0.0,0.0,0.0,0.0,0.0,0.0,0.0,0.0,0.0,0.0,0.0,0.0,0.0,0.0,0.0,0.0,0.0,0.0,2.0,2.0,0.0,0.0,0.0,0.0,0.0,0.0,0.0,0.0,0.0
Países Bajos,52.132633,5.291265999999999,25.0,27.0,38.0,47.0,53.0,53.0,61.0,66.0,62.0,69.0,78.0,80.0,76.0,85.0,89.0,94.0,103.0,92.0,73.0,62.0,66.0,68.0,67.0,61.0,52.0,46.0,49.0,55.0,48.0,30.0,29.0,36.0,36.0,30.0,22.0,25.0,17.0,17.0,23.0,24.0,25.0,20.0,11.0,14.0,31.0,34.0,17.0,12.0
Polonia,51.919438,19.145136,15.0,26.0,32.0,28.0,29.0,27.0,43.0,56.0,54.0,56.0,51.0,49.0,54.0,71.0,75.0,65.0,62.0,56.0,58.0,56.0,56.0,61.0,50.0,40.0,41.0,43.0,43.0,47.0,34.0,30.0,38.0,41.0,40.0,34.0,28.0,25.0,24.0,24.0,22.0,13.0,10.0,10.0,6.0,8.0,8.0,3.0,2.0,1.0
Portugal,39.39987199999999,-8.224454,30.0,44.0,53.0,86.0,121.0,110.0,124.0,159.0,179.0,164.0,155.0,163.0,199.0,230.0,188.0,161.0,192.0,192.0,180.0,166.0,146.0,158.0,164.0,159.0,134.0,124.0,134.0,136.0,124.0,112.0,94.0,76.0,74.0,76.0,73.0,57.0,46.0,50.0,42.0,40.0,48.0,39.0,24.0,18.0,21.0,15.0,10.0,11.0
Reino Unido,55.378051,-3.435973,85.0,110.0,86.0,92.0,98.0,101.0,102.0,111.0,111.0,90.0,88.0,104.0,110.0,122.0,144.0,129.0,113.0,123.0,113.0,112.0,111.0,104.0,107.0,102.0,112.0,121.0,109.0,108.0,90.0,69.0,70.0,58.0,57.0,59.0,58.0,60.0,75.0,80.0,58.0,43.0,47.0,61.0,86.0,96.0,79.0,75.0,85.0,79.0
República Checa,49.81749199999999,15.472962,2.0,1.0,3.0,2.0,1.0,6.0,12.0,19.0,16.0,7.0,8.0,8.0,10.0,14.0,10.0,13.0,18.0,13.0,9.0,6.0,8.0,9.0,3.0,7.0,7.0,1.0,3.0,8.0,6.0,3.0,4.0,4.0,2.0,0.0,5.0,5.0,0.0,1.0,1.0,0.0,0.0,2.0,3.0,2.0,2.0,0.0,0.0,0.0
República Eslovaca,40.4188595,-3.615058599999999,0.0,9.0,10.0,5.0,6.0,2.0,9.0,14.0,10.0,13.0,7.0,7.0,9.0,7.0,16.0,12.0,1.0,5.0,9.0,10.0,6.0,2.0,3.0,2.0,4.0,2.0,0.0,2.0,2.0,0.0,0.0,0.0,0.0,1.0,1.0,0.0,0.0,3.0,3.0,0.0,0.0,0.0,0.0,0.0,0.0,0.0,0.0,0.0
Rumanía,45.943161,24.96676,218.0,300.0,459.0,557.0,635.0,705.0,700.0,694.0,603.0,523.0,582.0,612.0,618.0,604.0,551.0,573.0,608.0,574.0,489.0,417.0,426.0,449.0,431.0,432.0,444.0,338.0,215.0,227.0,242.0,236.0,234.0,200.0,160.0,163.0,171.0,160.0,153.0,147.0,126.0,106.0,109.0,96.0,70.0,53.0,40.0,38.0,39.0,34.0
Suecia,60.12816100000001,18.643501,13.0,5.0,5.0,8.0,8.0,10.0,10.0,8.0,9.0,8.0,10.0,10.0,9.0,12.0,17.0,14.0,9.0,8.0,7.0,6.0,4.0,11.0,14.0,6.0,10.0,10.0,3.0,6.0,11.0,8.0,3.0,5.0,4.0,4.0,6.0,5.0,4.0,2.0,1.0,0.0,1.0,2.0,5.0,3.0,0.0,3.0,4.0,3.0
TOTAL RESTO DE EUROPA,,,113.0,138.0,128.0,142.0,193.0,212.0,218.0,222.0,254.0,250.0,240.0,290.0,283.0,287.0,318.0,316.0,300.0,284.0,275.0,260.0,230.0,201.0,218.0,240.0,234.0,202.0,171.0,159.0,158.0,155.0,159.0,166.0,153.0,133.0,137.0,121.0,101.0,94.0,80.0,86.0,75.0,54.0,46.0,39.0,31.0,32.0,35.0,33.0
Albania,41.153332,20.168331,1.0,1.0,2.0,2.0,0.0,2.0,2.0,0.0,0.0,0.0,2.0,2.0,0.0,2.0,2.0,0.0,0.0,1.0,1.0,2.0,2.0,2.0,2.0,0.0,0.0,0.0,0.0,0.0,0.0,0.0,2.0,2.0,0.0,0.0,0.0,0.0,0.0,0.0,0.0,0.0,0.0,0.0,0.0,0.0,0.0,0.0,0.0,0.0
Andorra,42.506285,1.521801,23.0,16.0,13.0,5.0,7.0,13.0,16.0,14.0,11.0,17.0,12.0,5.0,5.0,9.0,16.0,22.0,19.0,10.0,17.0,25.0,15.0,11.0,14.0,18.0,20.0,15.0,15.0,9.0,3.0,7.0,7.0,4.0,5.0,8.0,7.0,4.0,8.0,8.0,7.0,8.0,5.0,4.0,4.0,5.0,5.0,6.0,5.0,3.0
Armenia,40.069099,45.038189,7.0,6.0,4.0,5.0,10.0,10.0,9.0,13.0,20.0,15.0,13.0,24.0,18.0,16.0,22.0,16.0,22.0,15.0,5.0,9.0,15.0,15.0,4.0,6.0,7.0,7.0,8.0,3.0,3.0,7.0,10.0,14.0,14.0,9.0,8.0,7.0,2.0,2.0,2.0,4.0,2.0,1.0,1.0,0.0,2.0,3.0,1.0,0.0
Belarús,53.709807,27.953389,1.0,0.0,0.0,0.0,0.0,0.0,0.0,0.0,0.0,3.0,6.0,3.0,0.0,3.0,5.0,2.0,0.0,0.0,0.0,0.0,0.0,0.0,0.0,2.0,2.0,0.0,2.0,2.0,0.0,0.0,0.0,0.0,0.0,0.0,0.0,2.0,2.0,0.0,0.0,0.0,0.0,0.0,0.0,0.0,0.0,0.0,0.0,0.0
Bosnia y Herzegovina,43.915886,17.679076,0.0,0.0,0.0,0.0,0.0,0.0,0.0,0.0,1.0,1.0,0.0,0.0,1.0,1.0,0.0,0.0,0.0,1.0,1.0,0.0,0.0,0.0,0.0,0.0,0.0,0.0,0.0,0.0,0.0,0.0,0.0,0.0,0.0,1.0,1.0,0.0,0.0,0.0,0.0,0.0,0.0,0.0,0.0,0.0,0.0,0.0,0.0,0.0
Croacia,45.1,15.2,0.0,0.0,0.0,0.0,2.0,2.0,0.0,0.0,0.0,0.0,0.0,0.0,2.0,2.0,0.0,3.0,3.0,0.0,0.0,0.0,0.0,0.0,2.0,2.0,0.0,0.0,0.0,0.0,0.0,0.0,0.0,0.0,0.0,0.0,0.0,0.0,0.0,0.0,0.0,0.0,0.0,0.0,0.0,0.0,0.0,0.0,0.0,0.0
Georgia,32.1574351,-82.90712300000001,3.0,8.0,13.0,20.0,34.0,32.0,32.0,37.0,34.0,32.0,45.0,49.0,35.0,44.0,51.0,51.0,32.0,13.0,28.0,36.0,25.0,22.0,15.0,13.0,19.0,17.0,16.0,18.0,14.0,7.0,11.0,18.0,20.0,20.0,15.0,10.0,7.0,4.0,5.0,2.0,2.0,3.0,3.0,2.0,0.0,0.0,0.0,5.0
Islandia,64.963051,-19.020835,0.0,0.0,0.0,0.0,0.0,0.0,0.0,0.0,0.0,0.0,0.0,0.0,1.0,1.0,0.0,0.0,0.0,2.0,2.0,0.0,0.0,0.0,0.0,0.0,2.0,2.0,0.0,0.0,0.0,0.0,0.0,0.0,0.0,0.0,0.0,0.0,0.0,0.0,0.0,0.0,0.0,0.0,0.0,0.0,0.0,0.0,0.0,0.0
Liechtenstein,47166,9.555373,0.0,0.0,2.0,2.0,0.0,0.0,0.0,0.0,0.0,0.0,0.0,0.0,0.0,0.0,0.0,0.0,0.0,0.0,0.0,0.0,0.0,0.0,0.0,0.0,0.0,0.0,0.0,0.0,0.0,0.0,0.0,0.0,0.0,0.0,0.0,1.0,1.0,0.0,0.0,0.0,0.0,0.0,0.0,0.0,0.0,0.0,0.0,0.0
Macedonia,41.608635,21.745275,0.0,0.0,0.0,0.0,1.0,1.0,0.0,0.0,0.0,0.0,0.0,0.0,0.0,3.0,3.0,0.0,3.0,3.0,0.0,1.0,1.0,2.0,2.0,0.0,0.0,0.0,0.0,0.0,0.0,0.0,0.0,0.0,0.0,0.0,0.0,0.0,0.0,0.0,0.0,0.0,0.0,0.0,0.0,0.0,0.0,0.0,0.0,0.0
Moldavia,47.411631,28.369885,7.0,5.0,3.0,8.0,16.0,22.0,23.0,16.0,19.0,28.0,27.0,30.0,36.0,29.0,22.0,16.0,12.0,24.0,26.0,14.0,13.0,11.0,13.0,27.0,22.0,9.0,11.0,20.0,16.0,6.0,2.0,5.0,12.0,7.0,4.0,4.0,7.0,7.0,3.0,4.0,4.0,2.0,0.0,2.0,2.0,0.0,1.0,1.0
Mónaco,43.73841760000001,7.424615799999999,0.0,0.0,0.0,0.0,0.0,0.0,0.0,0.0,0.0,0.0,0.0,0.0,0.0,0.0,0.0,0.0,0.0,0.0,0.0,0.0,0.0,1.0,1.0,0.0,0.0,0.0,0.0,0.0,0.0,0.0,0.0,0.0,0.0,0.0,0.0,0.0,0.0,0.0,0.0,0.0,0.0,0.0,0.0,0.0,0.0,0.0,0.0,0.0
Montenegro,42.708678,19.37439,0.0,0.0,0.0,0.0,0.0,0.0,0.0,0.0,0.0,0.0,0.0,0.0,0.0,0.0,0.0,0.0,0.0,0.0,0.0,0.0,0.0,0.0,0.0,0.0,0.0,0.0,0.0,0.0,0.0,0.0,0.0,0.0,0.0,0.0,0.0,0.0,0.0,0.0,0.0,0.0,0.0,0.0,0.0,0.0,0.0,0.0,0.0,0.0
Noruega,60.47202399999999,8.468945999999999,4.0,9.0,8.0,4.0,4.0,6.0,7.0,6.0,5.0,2.0,2.0,4.0,4.0,4.0,5.0,4.0,3.0,3.0,6.0,7.0,7.0,7.0,3.0,3.0,4.0,4.0,7.0,6.0,5.0,7.0,3.0,3.0,3.0,0.0,1.0,2.0,2.0,3.0,7.0,6.0,3.0,3.0,8.0,6.0,1.0,0.0,4.0,6.0
Rusia,61.52401,105.318756,21.0,29.0,28.0,30.0,40.0,38.0,28.0,20.0,33.0,38.0,36.0,35.0,30.0,29.0,28.0,24.0,26.0,29.0,27.0,26.0,28.0,26.0,40.0,43.0,37.0,32.0,25.0,36.0,27.0,20.0,32.0,24.0,16.0,18.0,19.0,14.0,7.0,12.0,13.0,9.0,13.0,8.0,5.0,4.0,2.0,7.0,7.0,4.0
San Marino,43.94236,12.457777,0.0,0.0,0.0,0.0,0.0,0.0,0.0,0.0,0.0,0.0,0.0,0.0,0.0,0.0,0.0,0.0,0.0,0.0,0.0,0.0,0.0,0.0,0.0,0.0,0.0,0.0,0.0,0.0,0.0,0.0,0.0,0.0,0.0,0.0,0.0,0.0,0.0,0.0,0.0,0.0,0.0,0.0,0.0,0.0,0.0,0.0,0.0,0.0
Santa Sede,8.409275899999999,-76.11314949999999,0.0,0.0,0.0,0.0,0.0,0.0,0.0,0.0,0.0,0.0,0.0,0.0,0.0,0.0,0.0,0.0,0.0,0.0,0.0,0.0,0.0,0.0,0.0,0.0,0.0,0.0,0.0,0.0,0.0,0.0,0.0,0.0,0.0,0.0,0.0,0.0,0.0,0.0,0.0,0.0,0.0,0.0,0.0,0.0,0.0,0.0,0.0,0.0
Serbia,44.016521,21.005859,0.0,0.0,2.0,2.0,4.0,7.0,4.0,2.0,2.0,2.0,2.0,0.0,0.0,4.0,4.0,0.0,0.0,4.0,4.0,0.0,0.0,0.0,0.0,2.0,4.0,2.0,0.0,0.0,0.0,0.0,0.0,0.0,0.0,0.0,0.0,1.0,1.0,0.0,2.0,2.0,1.0,2.0,2.0,0.0,0.0,0.0,0.0,0.0
Suiza,46.818188,8.227511999999999,23.0,30.0,20.0,20.0,28.0,27.0,26.0,33.0,33.0,31.0,25.0,34.0,51.0,49.0,50.0,50.0,55.0,60.0,56.0,48.0,32.0,27.0,29.0,31.0,39.0,38.0,24.0,13.0,19.0,27.0,30.0,23.0,15.0,18.0,21.0,16.0,18.0,17.0,8.0,13.0,20.0,19.0,14.0,12.0,10.0,10.0,13.0,11.0
Turquía,38.963745,35.243322,0.0,0.0,0.0,8.0,12.0,11.0,12.0,8.0,3.0,5.0,9.0,11.0,9.0,4.0,8.0,9.0,5.0,6.0,5.0,7.0,6.0,4.0,6.0,4.0,5.0,8.0,10.0,5.0,1.0,1.0,0.0,1.0,0.0,2.0,2.0,0.0,0.0,0.0,1.0,1.0,0.0,0.0,0.0,0.0,2.0,4.0,2.0,0.0
Ucrania,48.379433,31.16558,23.0,33.0,34.0,37.0,37.0,40.0,58.0,73.0,93.0,77.0,61.0,91.0,90.0,87.0,103.0,118.0,120.0,112.0,96.0,85.0,85.0,72.0,88.0,88.0,73.0,69.0,53.0,49.0,69.0,73.0,62.0,72.0,68.0,49.0,60.0,60.0,48.0,40.0,32.0,37.0,26.0,11.0,8.0,9.0,7.0,2.0,2.0,3.0
Países de Europa sin relaciones diplomáticas,,,0.0,0.0,0.0,0.0,0.0,0.0,0.0,0.0,0.0,0.0,0.0,0.0,0.0,0.0,0.0,0.0,0.0,0.0,0.0,0.0,0.0,0.0,0.0,0.0,0.0,0.0,0.0,0.0,0.0,0.0,0.0,0.0,0.0,0.0,0.0,0.0,0.0,0.0,0.0,0.0,0.0,0.0,0.0,0.0,0.0,0.0,0.0,0.0
TOTAL ÁFRICA,-8.8095231,13.2395664,485.0,627.0,716.0,856.0,1007.0,1192.0,1397.0,1620.0,1824.0,2015.0,2164.0,2261.0,2266.0,2247.0,2273.0,2141.0,1931.0,1777.0,1710.0,1622.0,1390.0,1242.0,1130.0,940.0,804.0,785.0,714.0,572.0,545.0,483.0,371.0,383.0,384.0,300.0,232.0,193.0,226.0,202.0,153.0,142.0,112.0,116.0,113.0,91.0,89.0,64.0,46.0,45.0
Angola,-11.202692,17.873887,0.0,0.0,0.0,0.0,0.0,0.0,1.0,1.0,0.0,1.0,1.0,0.0,0.0,0.0,0.0,2.0,2.0,2.0,3.0,0.0,1.0,2.0,1.0,0.0,0.0,1.0,2.0,0.0,0.0,0.0,0.0,1.0,1.0,1.0,2.0,1.0,0.0,0.0,0.0,0.0,0.0,2.0,2.0,0.0,0.0,0.0,0.0,0.0
Argelia,28.033886,1.659626,27.0,31.0,32.0,38.0,53.0,64.0,78.0,91.0,111.0,131.0,129.0,144.0,161.0,162.0,168.0,170.0,163.0,143.0,159.0,174.0,135.0,111.0,100.0,91.0,82.0,76.0,81.0,72.0,63.0,44.0,33.0,34.0,28.0,34.0,26.0,27.0,41.0,25.0,9.0,21.0,26.0,18.0,15.0,12.0,8.0,8.0,9.0,7.0
Benin,9.30769,2.315834,0.0,0.0,0.0,0.0,0.0,0.0,0.0,0.0,0.0,0.0,0.0,0.0,0.0,0.0,0.0,0.0,0.0,0.0,0.0,0.0,0.0,0.0,0.0,0.0,0.0,0.0,0.0,0.0,0.0,0.0,0.0,0.0,0.0,0.0,0.0,0.0,0.0,0.0,0.0,0.0,0.0,0.0,0.0,0.0,0.0,0.0,0.0,0.0
Botswana,-22.328474,24.684866,0.0,0.0,0.0,0.0,0.0,0.0,0.0,0.0,0.0,0.0,0.0,0.0,0.0,0.0,0.0,0.0,0.0,0.0,0.0,0.0,0.0,0.0,0.0,0.0,0.0,0.0,0.0,0.0,0.0,0.0,0.0,0.0,0.0,0.0,0.0,0.0,0.0,0.0,0.0,0.0,0.0,0.0,0.0,0.0,0.0,0.0,0.0,0.0
Burkina Faso,12.238333,-1.561593,0.0,1.0,1.0,0.0,0.0,0.0,0.0,0.0,0.0,0.0,0.0,0.0,0.0,0.0,0.0,0.0,0.0,0.0,0.0,0.0,0.0,0.0,0.0,0.0,0.0,0.0,0.0,0.0,0.0,0.0,0.0,0.0,0.0,0.0,0.0,0.0,0.0,0.0,0.0,0.0,0.0,0.0,0.0,0.0,0.0,0.0,0.0,0.0
Burundi,-3.373056,29.918886,0.0,0.0,0.0,0.0,0.0,0.0,0.0,0.0,0.0,0.0,0.0,0.0,0.0,0.0,0.0,0.0,0.0,0.0,0.0,0.0,0.0,0.0,0.0,0.0,0.0,0.0,0.0,0.0,0.0,0.0,0.0,0.0,0.0,0.0,0.0,0.0,0.0,0.0,0.0,0.0,0.0,0.0,0.0,0.0,0.0,0.0,0.0,0.0
Cabo Verde,15.1217288,-23.6050817,0.0,0.0,0.0,0.0,3.0,5.0,4.0,4.0,2.0,2.0,2.0,0.0,1.0,1.0,0.0,0.0,0.0,2.0,4.0,2.0,0.0,0.0,2.0,2.0,0.0,0.0,2.0,2.0,0.0,0.0,0.0,4.0,4.0,2.0,2.0,0.0,0.0,0.0,0.0,0.0,0.0,0.0,0.0,0.0,0.0,0.0,0.0,0.0
Camerún,7.369721999999999,12.354722,0.0,1.0,5.0,3.0,2.0,5.0,5.0,2.0,5.0,9.0,4.0,2.0,5.0,4.0,9.0,12.0,7.0,5.0,5.0,7.0,6.0,4.0,3.0,1.0,0.0,1.0,1.0,1.0,1.0,0.0,0.0,0.0,1.0,2.0,1.0,0.0,0.0,0.0,0.0,0.0,0.0,1.0,1.0,0.0,1.0,1.0,1.0,1.0
Chad,15.454166,18.732207,0.0,0.0,0.0,0.0,0.0,0.0,0.0,0.0,0.0,0.0,0.0,0.0,0.0,0.0,0.0,0.0,0.0,0.0,0.0,0.0,0.0,0.0,0.0,0.0,0.0,0.0,0.0,0.0,0.0,0.0,0.0,0.0,0.0,0.0,0.0,0.0,0.0,0.0,0.0,0.0,0.0,0.0,0.0,0.0,0.0,0.0,0.0,0.0
Comores,-11.6455,43.3333,0.0,0.0,0.0,0.0,0.0,0.0,0.0,0.0,0.0,0.0,0.0,0.0,0.0,0.0,0.0,0.0,0.0,0.0,0.0,0.0,0.0,0.0,0.0,0.0,0.0,0.0,0.0,0.0,0.0,0.0,0.0,0.0,0.0,0.0,0.0,0.0,0.0,0.0,0.0,0.0,0.0,0.0,0.0,0.0,0.0,0.0,0.0,0.0
Congo,-0.228021,15.827659,0.0,0.0,0.0,0.0,0.0,0.0,0.0,0.0,0.0,0.0,2.0,2.0,0.0,2.0,2.0,0.0,0.0,0.0,0.0,0.0,0.0,0.0,0.0,0.0,0.0,0.0,0.0,0.0,0.0,2.0,2.0,2.0,2.0,0.0,0.0,0.0,0.0,0.0,0.0,0.0,0.0,0.0,0.0,0.0,0.0,0.0,0.0,0.0
Costa de Marfil,7.539988999999999,-5.547079999999999,0.0,0.0,0.0,0.0,4.0,4.0,4.0,6.0,2.0,2.0,2.0,4.0,6.0,4.0,4.0,4.0,4.0,2.0,1.0,1.0,0.0,2.0,2.0,0.0,0.0,2.0,2.0,1.0,2.0,1.0,0.0,0.0,2.0,2.0,0.0,0.0,0.0,0.0,0.0,0.0,0.0,0.0,0.0,0.0,0.0,0.0,0.0,0.0
Djibouti,11.825138,42.590275,0.0,0.0,0.0,0.0,0.0,0.0,0.0,0.0,0.0,0.0,0.0,0.0,0.0,0.0,0.0,0.0,0.0,0.0,0.0,0.0,0.0,0.0,0.0,0.0,0.0,0.0,0.0,0.0,0.0,0.0,0.0,0.0,0.0,0.0,0.0,0.0,0.0,0.0,0.0,0.0,0.0,0.0,0.0,0.0,0.0,0.0,0.0,0.0
Egipto,26.820553,30.802498,0.0,0.0,0.0,0.0,0.0,0.0,1.0,3.0,2.0,1.0,0.0,0.0,1.0,1.0,1.0,2.0,2.0,5.0,9.0,5.0,1.0,2.0,1.0,1.0,0.0,0.0,0.0,0.0,3.0,2.0,1.0,1.0,2.0,2.0,1.0,1.0,1.0,3.0,3.0,2.0,4.0,3.0,0.0,0.0,0.0,0.0,0.0,0.0
Eritrea,15.179384,39.782334,0.0,0.0,0.0,0.0,0.0,0.0,0.0,0.0,0.0,0.0,0.0,0.0,0.0,0.0,0.0,0.0,0.0,0.0,0.0,0.0,0.0,0.0,0.0,0.0,0.0,0.0,0.0,0.0,0.0,0.0,0.0,0.0,0.0,0.0,0.0,0.0,0.0,0.0,0.0,0.0,0.0,0.0,0.0,0.0,0.0,0.0,0.0,0.0
Etiopía,9.145000000000001,40.489673,0.0,0.0,1.0,0.0,0.0,0.0,1.0,1.0,0.0,0.0,2.0,4.0,3.0,2.0,4.0,3.0,2.0,2.0,2.0,1.0,1.0,1.0,1.0,1.0,2.0,1.0,0.0,0.0,0.0,0.0,0.0,0.0,1.0,1.0,0.0,0.0,0.0,0.0,0.0,0.0,0.0,0.0,0.0,0.0,0.0,0.0,0.0,0.0
Gabón,-0.803689,11.609444,0.0,0.0,0.0,0.0,0.0,0.0,0.0,0.0,0.0,0.0,0.0,0.0,0.0,0.0,0.0,0.0,0.0,0.0,0.0,0.0,0.0,0.0,2.0,2.0,0.0,0.0,1.0,1.0,0.0,0.0,0.0,0.0,0.0,0.0,0.0,0.0,0.0,0.0,0.0,0.0,0.0,0.0,0.0,0.0,0.0,0.0,0.0,0.0
Gambia,13.443182,-15.310139,22.0,29.0,20.0,16.0,18.0,27.0,29.0,29.0,35.0,36.0,47.0,44.0,31.0,33.0,32.0,37.0,38.0,32.0,25.0,17.0,12.0,17.0,18.0,13.0,10.0,6.0,7.0,5.0,5.0,6.0,4.0,0.0,1.0,4.0,3.0,2.0,2.0,2.0,2.0,0.0,0.0,0.0,0.0,0.0,1.0,1.0,0.0,0.0
Ghana,7.946527,-1.023194,4.0,11.0,15.0,17.0,19.0,26.0,25.0,18.0,20.0,30.0,30.0,39.0,51.0,40.0,48.0,47.0,39.0,35.0,24.0,31.0,36.0,28.0,30.0,28.0,15.0,14.0,17.0,16.0,9.0,2.0,4.0,8.0,6.0,2.0,3.0,4.0,3.0,6.0,4.0,0.0,0.0,0.0,0.0,0.0,0.0,0.0,0.0,0.0
Guinea,9.945587,-9.696645,14.0,11.0,10.0,12.0,15.0,16.0,17.0,24.0,23.0,17.0,24.0,29.0,32.0,27.0,33.0,34.0,30.0,35.0,22.0,14.0,11.0,11.0,12.0,11.0,8.0,6.0,11.0,10.0,8.0,3.0,1.0,3.0,3.0,1.0,1.0,2.0,2.0,2.0,3.0,1.0,1.0,1.0,1.0,1.0,2.0,1.0,0.0,0.0
Guinea Ecuatorial,1.650801,10.267895,19.0,16.0,10.0,11.0,13.0,7.0,11.0,25.0,32.0,33.0,22.0,18.0,26.0,26.0,17.0,10.0,14.0,20.0,24.0,21.0,19.0,15.0,10.0,11.0,15.0,17.0,16.0,10.0,7.0,11.0,9.0,6.0,8.0,5.0,5.0,5.0,5.0,4.0,3.0,5.0,3.0,4.0,4.0,3.0,2.0,3.0,4.0,2.0
Guinea-Bissau,11.803749,-15.180413,4.0,6.0,2.0,4.0,5.0,4.0,4.0,4.0,9.0,16.0,12.0,5.0,4.0,6.0,13.0,14.0,8.0,4.0,11.0,11.0,7.0,6.0,4.0,4.0,3.0,3.0,7.0,6.0,5.0,5.0,2.0,2.0,2.0,1.0,1.0,0.0,1.0,1.0,0.0,0.0,1.0,1.0,0.0,0.0,0.0,0.0,0.0,0.0
Kenia,-0.023559,37.906193,0.0,0.0,0.0,0.0,0.0,1.0,1.0,0.0,0.0,1.0,1.0,0.0,0.0,0.0,0.0,0.0,1.0,1.0,1.0,1.0,0.0,1.0,1.0,0.0,0.0,0.0,0.0,0.0,0.0,0.0,0.0,0.0,1.0,1.0,0.0,0.0,1.0,1.0,0.0,0.0,0.0,0.0,0.0,0.0,0.0,0.0,2.0,2.0
Lesotho,-29.609988,28.233608,0.0,0.0,0.0,0.0,0.0,0.0,0.0,0.0,0.0,0.0,0.0,0.0,0.0,0.0,0.0,0.0,0.0,0.0,0.0,0.0,0.0,0.0,0.0,0.0,0.0,0.0,0.0,0.0,0.0,0.0,0.0,0.0,0.0,0.0,0.0,0.0,0.0,0.0,0.0,0.0,0.0,0.0,0.0,0.0,0.0,0.0,0.0,0.0
Liberia,6.428055,-9.429499000000002,0.0,0.0,0.0,0.0,0.0,0.0,0.0,0.0,0.0,0.0,0.0,0.0,0.0,0.0,0.0,0.0,0.0,0.0,0.0,0.0,0.0,0.0,0.0,0.0,0.0,0.0,0.0,0.0,0.0,0.0,0.0,0.0,0.0,0.0,0.0,0.0,0.0,0.0,0.0,0.0,0.0,0.0,0.0,0.0,0.0,0.0,0.0,0.0
Libia,26.3351,17.228331,0.0,0.0,0.0,0.0,0.0,1.0,1.0,1.0,1.0,1.0,1.0,2.0,2.0,1.0,2.0,5.0,3.0,3.0,6.0,5.0,3.0,3.0,3.0,1.0,1.0,1.0,4.0,4.0,0.0,0.0,2.0,2.0,1.0,1.0,0.0,0.0,0.0,0.0,2.0,2.0,0.0,1.0,1.0,0.0,0.0,0.0,0.0,0.0
Madagascar,-18.766947,46.869107,0.0,0.0,0.0,0.0,1.0,0.0,0.0,0.0,0.0,0.0,0.0,0.0,1.0,1.0,1.0,0.0,1.0,2.0,1.0,0.0,0.0,0.0,0.0,0.0,0.0,2.0,2.0,0.0,0.0,0.0,0.0,0.0,0.0,0.0,0.0,0.0,0.0,0.0,0.0,0.0,0.0,0.0,0.0,0.0,0.0,0.0,0.0,0.0
Malawi,-13.254308,34.301525,0.0,0.0,0.0,0.0,0.0,0.0,0.0,0.0,0.0,0.0,0.0,0.0,0.0,0.0,0.0,0.0,0.0,0.0,0.0,0.0,0.0,0.0,0.0,0.0,0.0,0.0,0.0,0.0,0.0,0.0,0.0,0.0,0.0,0.0,0.0,0.0,0.0,0.0,0.0,0.0,0.0,0.0,0.0,0.0,0.0,0.0,0.0,0.0
Malí,17.570692,-3.996166,11.0,18.0,19.0,23.0,24.0,47.0,76.0,66.0,82.0,119.0,111.0,100.0,107.0,115.0,108.0,91.0,72.0,58.0,72.0,72.0,50.0,37.0,30.0,26.0,18.0,14.0,13.0,14.0,12.0,9.0,5.0,3.0,5.0,3.0,2.0,3.0,1.0,0.0,1.0,1.0,1.0,0.0,0.0,0.0,0.0,0.0,0.0,0.0
Marruecos,31.791702,-7.092619999999999,364.0,473.0,542.0,664.0,799.0,909.0,1028.0,1219.0,1336.0,1427.0,1564.0,1591.0,1523.0,1507.0,1535.0,1424.0,1248.0,1141.0,1099.0,1023.0,907.0,842.0,745.0,603.0,515.0,529.0,472.0,365.0,366.0,340.0,261.0,269.0,269.0,199.0,156.0,134.0,159.0,141.0,101.0,95.0,72.0,77.0,79.0,64.0,67.0,47.0,27.0,31.0
Mauricio,-20.348404,57.55215200000001,0.0,0.0,0.0,0.0,0.0,0.0,0.0,0.0,0.0,0.0,0.0,0.0,0.0,0.0,0.0,0.0,0.0,0.0,0.0,0.0,0.0,0.0,0.0,0.0,0.0,0.0,0.0,0.0,0.0,0.0,0.0,0.0,0.0,0.0,0.0,0.0,0.0,0.0,0.0,0.0,0.0,0.0,0.0,0.0,0.0,0.0,0.0,0.0
Mauritania,21.00789,-10.940835,3.0,5.0,9.0,8.0,3.0,9.0,10.0,9.0,8.0,9.0,27.0,31.0,18.0,23.0,34.0,30.0,29.0,23.0,21.0,25.0,19.0,18.0,17.0,18.0,14.0,9.0,7.0,8.0,6.0,4.0,7.0,8.0,7.0,7.0,8.0,3.0,1.0,1.0,1.0,0.0,2.0,2.0,0.0,0.0,0.0,0.0,0.0,0.0
Mozambique,-18.665695,35.529562,0.0,0.0,0.0,0.0,0.0,0.0,0.0,0.0,0.0,0.0,0.0,0.0,0.0,0.0,0.0,1.0,2.0,2.0,3.0,2.0,0.0,0.0,0.0,0.0,0.0,0.0,0.0,0.0,0.0,0.0,0.0,0.0,0.0,0.0,0.0,0.0,0.0,0.0,0.0,0.0,0.0,0.0,0.0,0.0,0.0,0.0,0.0,0.0
Namibia,-22.95764,18.49041,0.0,0.0,0.0,0.0,0.0,0.0,0.0,0.0,1.0,1.0,0.0,1.0,1.0,1.0,2.0,5.0,4.0,2.0,1.0,1.0,2.0,2.0,2.0,2.0,5.0,5.0,2.0,4.0,5.0,4.0,4.0,3.0,4.0,4.0,3.0,3.0,3.0,2.0,3.0,3.0,1.0,0.0,1.0,2.0,1.0,0.0,0.0,0.0
Níger,17.607789,8.081666,0.0,0.0,0.0,0.0,0.0,0.0,0.0,0.0,0.0,0.0,0.0,0.0,0.0,0.0,0.0,0.0,0.0,0.0,0.0,0.0,0.0,0.0,0.0,0.0,0.0,0.0,0.0,0.0,0.0,0.0,0.0,0.0,0.0,0.0,0.0,0.0,0.0,0.0,0.0,0.0,0.0,0.0,0.0,0.0,0.0,0.0,0.0,0.0
Nigeria,9.081999,8.675277,0.0,5.0,13.0,16.0,16.0,26.0,38.0,35.0,37.0,51.0,52.0,75.0,99.0,119.0,106.0,91.0,113.0,113.0,93.0,85.0,73.0,66.0,61.0,45.0,45.0,34.0,18.0,14.0,21.0,13.0,3.0,8.0,15.0,14.0,10.0,3.0,0.0,0.0,0.0,0.0,0.0,1.0,1.0,0.0,0.0,0.0,0.0,0.0
Rep.Democrática del Congo,,,0.0,0.0,0.0,0.0,0.0,0.0,0.0,0.0,0.0,0.0,0.0,0.0,0.0,0.0,0.0,0.0,0.0,0.0,1.0,1.0,0.0,0.0,0.0,0.0,0.0,0.0,0.0,0.0,0.0,0.0,0.0,0.0,0.0,0.0,0.0,0.0,0.0,1.0,1.0,0.0,0.0,0.0,0.0,0.0,0.0,0.0,0.0,0.0
República Centroafricana,6.611110999999999,20.939444,0.0,0.0,0.0,0.0,0.0,0.0,0.0,0.0,0.0,0.0,0.0,0.0,0.0,0.0,0.0,0.0,0.0,0.0,0.0,0.0,0.0,0.0,0.0,0.0,0.0,0.0,0.0,0.0,0.0,0.0,0.0,0.0,0.0,0.0,0.0,0.0,0.0,0.0,0.0,0.0,0.0,0.0,0.0,0.0,0.0,0.0,0.0,0.0
Ruanda,-1.940278,29.873888,0.0,0.0,0.0,0.0,0.0,0.0,0.0,0.0,0.0,0.0,0.0,0.0,0.0,0.0,0.0,0.0,0.0,0.0,0.0,0.0,0.0,0.0,0.0,0.0,0.0,0.0,0.0,0.0,0.0,0.0,0.0,0.0,0.0,0.0,0.0,0.0,0.0,0.0,0.0,0.0,0.0,0.0,0.0,0.0,0.0,0.0,0.0,0.0
Santo Tomé y Príncipe,0.18636,6.613080999999999,0.0,0.0,0.0,0.0,0.0,0.0,0.0,0.0,0.0,0.0,0.0,0.0,0.0,0.0,0.0,0.0,0.0,0.0,0.0,0.0,0.0,0.0,0.0,0.0,0.0,0.0,0.0,0.0,0.0,0.0,0.0,0.0,0.0,0.0,0.0,0.0,0.0,0.0,0.0,0.0,0.0,0.0,0.0,0.0,0.0,0.0,0.0,0.0
Senegal,14.497401,-14.452362,15.0,15.0,34.0,41.0,29.0,39.0,62.0,80.0,109.0,119.0,119.0,158.0,188.0,158.0,144.0,150.0,143.0,142.0,116.0,114.0,99.0,68.0,74.0,69.0,67.0,59.0,46.0,37.0,30.0,34.0,34.0,27.0,20.0,12.0,7.0,3.0,5.0,12.0,19.0,12.0,0.0,2.0,4.0,8.0,6.0,1.0,0.0,1.0
Seychelles,-4.679574,55.491977,0.0,0.0,0.0,0.0,0.0,0.0,0.0,0.0,0.0,0.0,0.0,0.0,0.0,0.0,0.0,0.0,0.0,0.0,0.0,0.0,0.0,0.0,0.0,0.0,0.0,0.0,0.0,0.0,0.0,0.0,0.0,0.0,0.0,0.0,0.0,0.0,0.0,0.0,0.0,0.0,0.0,0.0,0.0,0.0,0.0,0.0,0.0,0.0
Sierra Leona,8.460555,-11.779889,0.0,0.0,0.0,0.0,0.0,0.0,0.0,0.0,0.0,0.0,0.0,0.0,0.0,1.0,1.0,0.0,0.0,0.0,0.0,0.0,0.0,0.0,0.0,0.0,0.0,0.0,0.0,0.0,0.0,0.0,0.0,0.0,0.0,0.0,0.0,0.0,0.0,0.0,0.0,0.0,0.0,0.0,0.0,0.0,0.0,0.0,0.0,0.0
Somalia,5.152149,46.199616,0.0,0.0,0.0,0.0,0.0,0.0,0.0,0.0,0.0,0.0,0.0,0.0,0.0,0.0,0.0,0.0,0.0,0.0,0.0,0.0,0.0,0.0,0.0,0.0,0.0,0.0,0.0,0.0,0.0,0.0,0.0,0.0,0.0,0.0,0.0,0.0,0.0,0.0,0.0,0.0,0.0,0.0,0.0,0.0,0.0,0.0,0.0,0.0
Sudáfrica,-30.559482,22.937506,0.0,0.0,0.0,0.0,2.0,2.0,1.0,1.0,0.0,0.0,3.0,3.0,1.0,1.0,2.0,4.0,3.0,0.0,1.0,2.0,2.0,0.0,0.0,0.0,1.0,1.0,0.0,0.0,0.0,0.0,0.0,1.0,1.0,2.0,2.0,1.0,0.0,2.0,2.0,0.0,0.0,0.0,0.0,0.0,0.0,2.0,1.0,0.0
Sudán,12.862807,30.217636,0.0,0.0,0.0,1.0,1.0,2.0,3.0,1.0,5.0,6.0,2.0,2.0,2.0,5.0,5.0,3.0,2.0,2.0,4.0,3.0,2.0,6.0,9.0,5.0,4.0,3.0,2.0,2.0,2.0,2.0,0.0,1.0,1.0,1.0,0.0,0.0,0.0,0.0,0.0,0.0,0.0,1.0,1.0,0.0,0.0,0.0,0.0,0.0
Swazilandia,-26.522503,31.465866,0.0,0.0,0.0,0.0,0.0,0.0,0.0,0.0,0.0,0.0,0.0,0.0,0.0,0.0,0.0,0.0,0.0,0.0,0.0,0.0,0.0,0.0,0.0,0.0,0.0,0.0,0.0,0.0,0.0,0.0,0.0,0.0,0.0,0.0,0.0,0.0,0.0,0.0,0.0,0.0,0.0,0.0,0.0,0.0,0.0,0.0,0.0,0.0
Tanzania,-6.369028,34.888822,0.0,0.0,0.0,0.0,0.0,0.0,0.0,0.0,0.0,0.0,0.0,0.0,0.0,0.0,0.0,0.0,0.0,0.0,0.0,0.0,0.0,0.0,0.0,0.0,0.0,0.0,0.0,0.0,0.0,0.0,0.0,0.0,0.0,0.0,0.0,0.0,0.0,0.0,0.0,0.0,0.0,0.0,0.0,0.0,0.0,0.0,0.0,0.0
Togo,8.619543,0.824782,0.0,0.0,0.0,0.0,0.0,0.0,0.0,0.0,0.0,0.0,0.0,0.0,2.0,2.0,0.0,0.0,0.0,0.0,2.0,2.0,0.0,0.0,0.0,0.0,0.0,0.0,0.0,0.0,0.0,0.0,0.0,0.0,0.0,0.0,0.0,0.0,0.0,0.0,0.0,0.0,0.0,0.0,0.0,0.0,0.0,0.0,0.0,0.0
Túnez,33.886917,9.537499,0.0,2.0,2.0,0.0,0.0,0.0,0.0,0.0,2.0,2.0,4.0,5.0,2.0,1.0,1.0,2.0,2.0,0.0,0.0,2.0,2.0,0.0,4.0,4.0,0.0,1.0,1.0,0.0,0.0,0.0,0.0,0.0,0.0,0.0,0.0,0.0,0.0,0.0,0.0,0.0,0.0,0.0,0.0,0.0,0.0,0.0,0.0,0.0
Uganda,1.373333,32.290275,0.0,0.0,0.0,0.0,0.0,0.0,0.0,0.0,0.0,0.0,0.0,0.0,0.0,0.0,0.0,0.0,0.0,0.0,0.0,0.0,0.0,0.0,0.0,0.0,0.0,0.0,0.0,0.0,0.0,0.0,0.0,0.0,0.0,0.0,0.0,0.0,0.0,0.0,0.0,0.0,0.0,0.0,0.0,0.0,0.0,0.0,0.0,0.0
Zambia,-13.133897,27.849332,0.0,0.0,0.0,0.0,0.0,0.0,0.0,0.0,0.0,0.0,0.0,0.0,0.0,0.0,0.0,0.0,0.0,0.0,0.0,0.0,0.0,0.0,0.0,0.0,0.0,0.0,0.0,0.0,0.0,0.0,0.0,0.0,0.0,0.0,0.0,0.0,0.0,0.0,0.0,0.0,0.0,0.0,0.0,0.0,0.0,0.0,0.0,0.0
Zimbabwe,-19.015438,29.154857,0.0,0.0,0.0,0.0,0.0,0.0,0.0,0.0,0.0,0.0,0.0,0.0,0.0,0.0,0.0,0.0,0.0,0.0,1.0,1.0,0.0,0.0,0.0,0.0,0.0,0.0,0.0,0.0,0.0,0.0,0.0,0.0,0.0,0.0,0.0,0.0,0.0,0.0,0.0,0.0,0.0,0.0,0.0,0.0,0.0,0.0,0.0,0.0
Países de África sin relaciones diplomáticas,,,0.0,0.0,0.0,0.0,0.0,0.0,0.0,0.0,0.0,0.0,0.0,0.0,0.0,0.0,0.0,0.0,0.0,0.0,0.0,0.0,0.0,0.0,0.0,0.0,0.0,0.0,0.0,0.0,0.0,0.0,0.0,0.0,0.0,0.0,0.0,0.0,0.0,0.0,0.0,0.0,0.0,0.0,0.0,0.0,0.0,0.0,0.0,0.0
TOTAL AMÉRICA DEL NORTE,42.5208181,-83.5328829,57.0,79.0,128.0,139.0,111.0,114.0,123.0,142.0,144.0,155.0,161.0,168.0,164.0,140.0,142.0,133.0,146.0,140.0,140.0,151.0,134.0,111.0,97.0,102.0,98.0,96.0,94.0,75.0,73.0,71.0,75.0,69.0,60.0,62.0,65.0,60.0,39.0,39.0,47.0,47.0,35.0,27.0,31.0,34.0,26.0,34.0,37.0,26.0
Canadá,56.130366,-106.346771,5.0,7.0,4.0,2.0,2.0,0.0,2.0,7.0,6.0,5.0,5.0,2.0,3.0,3.0,4.0,5.0,7.0,7.0,8.0,8.0,5.0,4.0,1.0,2.0,5.0,6.0,4.0,10.0,11.0,3.0,1.0,1.0,4.0,3.0,5.0,8.0,4.0,1.0,3.0,4.0,2.0,2.0,0.0,1.0,1.0,1.0,2.0,1.0
Estados Unidos de América,37.09024,-95.712891,43.0,53.0,100.0,118.0,83.0,65.0,66.0,58.0,54.0,64.0,58.0,72.0,81.0,69.0,83.0,84.0,82.0,78.0,84.0,92.0,92.0,80.0,65.0,76.0,71.0,63.0,61.0,47.0,47.0,53.0,60.0,50.0,38.0,47.0,45.0,41.0,29.0,29.0,33.0,24.0,20.0,22.0,21.0,21.0,18.0,19.0,21.0,20.0
México,23.634501,-102.552784,10.0,19.0,23.0,19.0,27.0,48.0,55.0,77.0,84.0,85.0,99.0,94.0,80.0,68.0,54.0,44.0,57.0,55.0,49.0,51.0,36.0,27.0,31.0,25.0,22.0,28.0,29.0,18.0,15.0,16.0,14.0,18.0,18.0,12.0,16.0,11.0,6.0,8.0,11.0,18.0,12.0,4.0,10.0,11.0,6.0,13.0,13.0,6.0
TOTAL CENTROAMÉRICA Y CARIBE,,,88.0,82.0,92.0,116.0,132.0,122.0,145.0,158.0,160.0,178.0,193.0,213.0,187.0,152.0,155.0,180.0,197.0,172.0,150.0,162.0,163.0,177.0,170.0,121.0,102.0,128.0,109.0,102.0,114.0,97.0,73.0,67.0,83.0,73.0,59.0,57.0,50.0,49.0,47.0,38.0,40.0,39.0,42.0,42.0,32.0,17.0,11.0,20.0
Antigua y Barbuda,17.060816,-61.796428,0.0,0.0,0.0,0.0,0.0,0.0,0.0,0.0,0.0,0.0,0.0,0.0,0.0,0.0,0.0,0.0,0.0,0.0,0.0,1.0,1.0,0.0,0.0,0.0,0.0,0.0,0.0,0.0,0.0,0.0,0.0,0.0,0.0,0.0,0.0,0.0,0.0,0.0,0.0,0.0,0.0,0.0,0.0,0.0,0.0,0.0,0.0,0.0
Bahamas,25.03428,-77.39627999999999,0.0,0.0,0.0,0.0,0.0,0.0,0.0,0.0,0.0,0.0,0.0,0.0,0.0,0.0,0.0,0.0,0.0,0.0,0.0,0.0,0.0,0.0,0.0,0.0,0.0,0.0,0.0,0.0,0.0,0.0,0.0,0.0,0.0,0.0,0.0,0.0,0.0,0.0,0.0,0.0,0.0,0.0,0.0,0.0,0.0,0.0,0.0,0.0
Barbados,13.193887,-59.543198,0.0,0.0,0.0,0.0,0.0,0.0,0.0,0.0,0.0,0.0,0.0,0.0,0.0,0.0,0.0,0.0,0.0,0.0,0.0,0.0,0.0,0.0,0.0,0.0,0.0,0.0,0.0,0.0,0.0,0.0,0.0,0.0,0.0,0.0,0.0,0.0,0.0,0.0,0.0,0.0,0.0,0.0,0.0,0.0,0.0,0.0,0.0,0.0
Belice,17.189877,-88.49765,0.0,0.0,0.0,0.0,0.0,0.0,0.0,0.0,0.0,0.0,0.0,0.0,0.0,0.0,0.0,0.0,0.0,0.0,0.0,0.0,0.0,0.0,0.0,0.0,0.0,0.0,0.0,1.0,1.0,0.0,0.0,0.0,0.0,0.0,0.0,0.0,0.0,0.0,0.0,0.0,0.0,0.0,0.0,0.0,0.0,0.0,0.0,0.0
Costa Rica,9.748916999999999,-83.753428,0.0,2.0,2.0,6.0,6.0,1.0,1.0,2.0,5.0,7.0,4.0,3.0,5.0,3.0,1.0,5.0,6.0,5.0,6.0,7.0,5.0,1.0,5.0,5.0,0.0,1.0,1.0,1.0,1.0,1.0,0.0,4.0,7.0,3.0,4.0,4.0,0.0,0.0,1.0,1.0,0.0,0.0,0.0,3.0,3.0,1.0,0.0,0.0
Cuba,21.521757,-77.781167,23.0,12.0,12.0,19.0,10.0,14.0,26.0,27.0,21.0,17.0,17.0,17.0,24.0,28.0,29.0,31.0,29.0,26.0,35.0,45.0,54.0,70.0,58.0,35.0,39.0,58.0,50.0,44.0,46.0,35.0,31.0,32.0,29.0,21.0,16.0,25.0,27.0,25.0,25.0,19.0,21.0,24.0,20.0,17.0,14.0,9.0,6.0,11.0
Dominica,15.414999,-61.37097600000001,0.0,0.0,0.0,0.0,0.0,0.0,0.0,0.0,0.0,0.0,0.0,0.0,0.0,0.0,0.0,0.0,0.0,0.0,0.0,0.0,0.0,0.0,0.0,0.0,0.0,0.0,0.0,0.0,0.0,0.0,0.0,0.0,0.0,0.0,0.0,0.0,0.0,0.0,0.0,0.0,0.0,0.0,0.0,0.0,0.0,0.0,0.0,0.0
El Salvador,13.794185,-88.89653,4.0,4.0,10.0,16.0,6.0,4.0,6.0,8.0,8.0,8.0,14.0,16.0,14.0,12.0,12.0,17.0,17.0,16.0,13.0,6.0,4.0,3.0,2.0,2.0,1.0,3.0,2.0,0.0,2.0,5.0,5.0,1.0,0.0,1.0,1.0,0.0,0.0,2.0,2.0,0.0,0.0,0.0,1.0,1.0,0.0,0.0,0.0,0.0
Granada,37.1773363,-3.5985571,0.0,0.0,0.0,0.0,0.0,0.0,0.0,0.0,0.0,0.0,0.0,0.0,0.0,0.0,0.0,0.0,0.0,0.0,0.0,0.0,0.0,0.0,0.0,0.0,0.0,0.0,0.0,0.0,0.0,0.0,0.0,0.0,0.0,0.0,0.0,0.0,0.0,0.0,0.0,0.0,0.0,0.0,0.0,0.0,0.0,0.0,0.0,0.0
Guatemala,15.783471,-90.23075899999999,3.0,1.0,2.0,4.0,19.0,21.0,10.0,7.0,14.0,18.0,14.0,18.0,13.0,5.0,4.0,8.0,15.0,10.0,5.0,5.0,1.0,6.0,11.0,7.0,2.0,3.0,3.0,6.0,9.0,3.0,0.0,2.0,2.0,0.0,0.0,1.0,1.0,0.0,0.0,2.0,2.0,1.0,3.0,2.0,0.0,0.0,0.0,0.0
Haití,18.971187,-72.285215,0.0,0.0,0.0,0.0,0.0,0.0,0.0,0.0,0.0,0.0,0.0,0.0,0.0,0.0,0.0,2.0,2.0,0.0,0.0,0.0,0.0,0.0,0.0,0.0,0.0,0.0,0.0,0.0,0.0,0.0,0.0,0.0,0.0,0.0,0.0,0.0,0.0,0.0,0.0,0.0,0.0,0.0,0.0,0.0,0.0,0.0,0.0,0.0
Honduras,15.199999,-86.241905,10.0,8.0,11.0,19.0,34.0,27.0,23.0,33.0,42.0,48.0,53.0,60.0,53.0,37.0,21.0,28.0,40.0,41.0,22.0,16.0,22.0,23.0,15.0,7.0,7.0,5.0,8.0,9.0,9.0,16.0,11.0,8.0,14.0,11.0,10.0,6.0,4.0,2.0,4.0,4.0,2.0,2.0,1.0,1.0,4.0,4.0,2.0,4.0
Jamaica,18.109581,-77.297508,0.0,0.0,0.0,0.0,0.0,0.0,1.0,1.0,0.0,0.0,1.0,0.0,0.0,0.0,0.0,0.0,0.0,1.0,3.0,2.0,1.0,0.0,0.0,0.0,0.0,0.0,0.0,0.0,0.0,0.0,0.0,1.0,1.0,1.0,0.0,0.0,0.0,0.0,0.0,0.0,0.0,0.0,0.0,0.0,0.0,0.0,0.0,0.0
Nicaragua,12.865416,-85.207229,0.0,3.0,7.0,7.0,6.0,14.0,21.0,11.0,8.0,15.0,21.0,20.0,9.0,7.0,12.0,13.0,11.0,8.0,7.0,14.0,14.0,5.0,0.0,6.0,8.0,10.0,11.0,3.0,2.0,4.0,2.0,0.0,4.0,4.0,0.0,1.0,4.0,3.0,1.0,2.0,2.0,1.0,2.0,1.0,0.0,0.0,0.0,0.0
Panamá,8.537981,-80.782127,0.0,0.0,2.0,4.0,3.0,5.0,11.0,9.0,8.0,10.0,8.0,8.0,8.0,5.0,5.0,12.0,16.0,8.0,2.0,4.0,3.0,1.0,6.0,5.0,3.0,3.0,3.0,10.0,7.0,5.0,4.0,1.0,7.0,7.0,1.0,1.0,2.0,3.0,3.0,0.0,0.0,1.0,2.0,1.0,0.0,0.0,0.0,1.0
República Dominicana,18.735693,-70.162651,46.0,52.0,46.0,42.0,47.0,36.0,47.0,60.0,55.0,55.0,61.0,71.0,60.0,55.0,70.0,64.0,61.0,58.0,57.0,62.0,60.0,67.0,72.0,53.0,41.0,46.0,31.0,30.0,37.0,29.0,20.0,18.0,20.0,25.0,27.0,19.0,11.0,13.0,12.0,10.0,12.0,9.0,13.0,16.0,9.0,3.0,2.0,4.0
San Cristóbal y Nieves,17.357822,-62.782998,0.0,0.0,0.0,0.0,0.0,0.0,0.0,0.0,0.0,0.0,0.0,0.0,0.0,0.0,0.0,0.0,0.0,0.0,0.0,0.0,0.0,0.0,0.0,0.0,0.0,0.0,0.0,0.0,0.0,0.0,0.0,0.0,0.0,0.0,0.0,0.0,0.0,0.0,0.0,0.0,0.0,0.0,0.0,0.0,0.0,0.0,0.0,0.0
San Vicente y las Granadinas,13.2533835,-61.196251,0.0,0.0,0.0,0.0,0.0,0.0,0.0,0.0,0.0,0.0,0.0,0.0,0.0,0.0,0.0,0.0,0.0,0.0,0.0,0.0,0.0,0.0,0.0,0.0,0.0,0.0,0.0,0.0,0.0,0.0,0.0,0.0,0.0,0.0,0.0,0.0,0.0,0.0,0.0,0.0,0.0,0.0,0.0,0.0,0.0,0.0,0.0,0.0
Santa Lucía,13.909444,-60.978893,0.0,0.0,0.0,0.0,0.0,0.0,0.0,0.0,0.0,0.0,0.0,0.0,0.0,0.0,0.0,0.0,0.0,0.0,0.0,0.0,0.0,0.0,0.0,0.0,0.0,0.0,0.0,0.0,0.0,0.0,0.0,0.0,0.0,0.0,0.0,0.0,0.0,0.0,0.0,0.0,0.0,0.0,0.0,0.0,0.0,0.0,0.0,0.0
Trinidad y Tobago,10.691803,-61.222503,0.0,0.0,0.0,0.0,0.0,0.0,0.0,0.0,0.0,0.0,0.0,0.0,0.0,0.0,0.0,0.0,0.0,0.0,0.0,0.0,0.0,0.0,0.0,0.0,0.0,0.0,0.0,0.0,0.0,0.0,0.0,0.0,0.0,0.0,0.0,0.0,0.0,0.0,0.0,0.0,0.0,0.0,0.0,0.0,0.0,0.0,0.0,0.0
Países de América sin relaciones diplomáticas,,,0.0,0.0,0.0,0.0,0.0,0.0,0.0,0.0,0.0,0.0,0.0,0.0,0.0,0.0,0.0,0.0,0.0,0.0,0.0,0.0,0.0,0.0,0.0,0.0,0.0,0.0,0.0,0.0,0.0,0.0,0.0,0.0,0.0,0.0,0.0,0.0,0.0,0.0,0.0,0.0,0.0,0.0,0.0,0.0,0.0,0.0,0.0,0.0
TOTAL SUDAMÉRICA,-17.4201351,-66.1319659,923.0,927.0,1025.0,1130.0,1310.0,1513.0,1698.0,1869.0,2058.0,2361.0,2608.0,2584.0,2645.0,2676.0,2455.0,2318.0,2174.0,1992.0,1859.0,1763.0,1718.0,1570.0,1435.0,1417.0,1325.0,1168.0,1100.0,1025.0,905.0,846.0,840.0,799.0,700.0,654.0,586.0,521.0,449.0,392.0,377.0,333.0,281.0,252.0,238.0,221.0,211.0,210.0,194.0,162.0
Argentina,-38.416097,-63.61667199999999,91.0,99.0,95.0,99.0,122.0,143.0,154.0,175.0,181.0,198.0,232.0,242.0,268.0,294.0,272.0,237.0,205.0,198.0,198.0,171.0,148.0,140.0,123.0,119.0,119.0,115.0,102.0,81.0,94.0,90.0,85.0,80.0,69.0,78.0,76.0,65.0,59.0,60.0,68.0,66.0,48.0,50.0,53.0,47.0,46.0,52.0,50.0,40.0
Bolivia,-16.290154,-63.58865299999999,77.0,71.0,114.0,177.0,237.0,302.0,375.0,422.0,424.0,512.0,573.0,531.0,525.0,540.0,530.0,509.0,476.0,435.0,359.0,310.0,339.0,310.0,246.0,247.0,245.0,199.0,178.0,164.0,123.0,122.0,127.0,103.0,98.0,91.0,85.0,89.0,66.0,57.0,52.0,44.0,45.0,29.0,22.0,32.0,31.0,22.0,11.0,8.0
Brasil,-14.235004,-51.92528,64.0,81.0,123.0,157.0,215.0,241.0,259.0,271.0,293.0,373.0,408.0,357.0,351.0,332.0,266.0,256.0,231.0,210.0,202.0,189.0,188.0,173.0,155.0,137.0,124.0,117.0,104.0,94.0,90.0,77.0,70.0,81.0,76.0,56.0,39.0,48.0,53.0,33.0,35.0,39.0,25.0,14.0,9.0,8.0,9.0,17.0,23.0,17.0
Chile,-35.675147,-71.542969,41.0,40.0,50.0,45.0,48.0,58.0,69.0,67.0,71.0,80.0,89.0,96.0,117.0,126.0,103.0,84.0,78.0,79.0,87.0,87.0,79.0,81.0,94.0,82.0,53.0,59.0,76.0,63.0,41.0,37.0,39.0,46.0,26.0,17.0,32.0,29.0,14.0,17.0,20.0,12.0,9.0,17.0,15.0,7.0,10.0,11.0,12.0,9.0
Colombia,4.570868,-74.297333,209.0,205.0,223.0,202.0,163.0,162.0,190.0,217.0,234.0,275.0,319.0,337.0,327.0,348.0,324.0,296.0,291.0,281.0,274.0,227.0,223.0,223.0,215.0,247.0,248.0,204.0,179.0,184.0,170.0,172.0,181.0,148.0,124.0,119.0,92.0,73.0,66.0,59.0,58.0,37.0,37.0,38.0,37.0,32.0,20.0,30.0,26.0,13.0
Ecuador,-1.831239,-78.18340599999999,250.0,253.0,233.0,204.0,243.0,274.0,275.0,316.0,375.0,408.0,466.0,517.0,528.0,528.0,493.0,454.0,438.0,389.0,345.0,339.0,334.0,310.0,274.0,260.0,244.0,213.0,226.0,217.0,175.0,146.0,145.0,146.0,134.0,137.0,123.0,90.0,85.0,67.0,48.0,44.0,53.0,55.0,39.0,35.0,28.0,21.0,21.0,28.0
Guyana,4.860416,-58.93018,0.0,0.0,0.0,0.0,0.0,0.0,0.0,0.0,0.0,0.0,0.0,0.0,0.0,0.0,0.0,0.0,0.0,0.0,0.0,0.0,0.0,0.0,0.0,0.0,0.0,0.0,0.0,0.0,0.0,0.0,0.0,0.0,0.0,0.0,0.0,0.0,0.0,0.0,0.0,0.0,0.0,0.0,0.0,0.0,0.0,0.0,0.0,0.0
Paraguay,-23.442503,-58.443832,23.0,34.0,42.0,62.0,70.0,102.0,129.0,149.0,156.0,149.0,152.0,148.0,145.0,125.0,110.0,103.0,106.0,89.0,87.0,110.0,94.0,74.0,80.0,89.0,78.0,60.0,49.0,49.0,46.0,39.0,32.0,31.0,39.0,29.0,26.0,34.0,19.0,16.0,17.0,16.0,11.0,9.0,14.0,7.0,5.0,5.0,4.0,4.0
Perú,-9.189967,-75.015152,80.0,59.0,58.0,87.0,92.0,92.0,124.0,134.0,149.0,198.0,219.0,200.0,220.0,205.0,201.0,230.0,206.0,189.0,185.0,203.0,211.0,164.0,140.0,136.0,115.0,116.0,117.0,97.0,95.0,88.0,77.0,89.0,77.0,65.0,55.0,55.0,47.0,30.0,28.0,30.0,21.0,18.0,19.0,25.0,28.0,18.0,13.0,9.0
Surinam,3.919305,-56.027783,0.0,0.0,0.0,0.0,0.0,0.0,0.0,0.0,0.0,0.0,0.0,0.0,0.0,0.0,0.0,0.0,0.0,0.0,0.0,0.0,0.0,0.0,0.0,0.0,0.0,0.0,0.0,0.0,0.0,0.0,0.0,0.0,0.0,0.0,0.0,0.0,0.0,0.0,0.0,0.0,0.0,0.0,0.0,0.0,0.0,0.0,0.0,0.0
Uruguay,-32.522779,-55.765835,30.0,33.0,32.0,27.0,48.0,69.0,51.0,35.0,58.0,69.0,62.0,62.0,56.0,58.0,52.0,62.0,66.0,52.0,67.0,68.0,47.0,47.0,54.0,52.0,53.0,39.0,38.0,41.0,28.0,32.0,36.0,26.0,19.0,27.0,28.0,15.0,13.0,23.0,19.0,17.0,16.0,11.0,18.0,14.0,14.0,16.0,12.0,9.0
Venezuela,6.42375,-66.58973,58.0,53.0,55.0,69.0,72.0,70.0,73.0,84.0,115.0,100.0,88.0,94.0,109.0,120.0,103.0,85.0,76.0,71.0,55.0,59.0,56.0,49.0,54.0,47.0,46.0,47.0,33.0,35.0,43.0,45.0,49.0,48.0,39.0,36.0,30.0,21.0,27.0,31.0,31.0,27.0,16.0,12.0,12.0,13.0,19.0,19.0,22.0,23.0
TOTAL ASIA,15.3111257,44.1987963,188.0,233.0,239.0,268.0,350.0,434.0,507.0,555.0,698.0,818.0,794.0,827.0,846.0,810.0,802.0,781.0,759.0,769.0,709.0,591.0,571.0,552.0,518.0,490.0,436.0,395.0,387.0,358.0,319.0,288.0,221.0,172.0,163.0,148.0,133.0,129.0,125.0,85.0,63.0,54.0,41.0,39.0,40.0,39.0,36.0,29.0,20.0,20.0
Afganistán,33.93911,67.709953,0.0,0.0,0.0,0.0,0.0,0.0,0.0,2.0,2.0,0.0,0.0,0.0,0.0,0.0,0.0,0.0,0.0,0.0,0.0,0.0,0.0,0.0,0.0,0.0,0.0,0.0,0.0,0.0,0.0,0.0,0.0,0.0,0.0,0.0,0.0,0.0,0.0,0.0,0.0,0.0,0.0,0.0,0.0,0.0,0.0,0.0,0.0,0.0
Arabia Saudí,23.885942,45.079162,0.0,0.0,0.0,0.0,0.0,0.0,2.0,3.0,4.0,4.0,3.0,4.0,7.0,8.0,4.0,6.0,9.0,10.0,9.0,10.0,10.0,4.0,1.0,1.0,1.0,1.0,1.0,4.0,4.0,0.0,2.0,4.0,3.0,1.0,1.0,2.0,2.0,1.0,0.0,0.0,0.0,0.0,0.0,0.0,0.0,0.0,0.0,1.0
Azerbaiyán,40.143105,47.576927,0.0,0.0,0.0,0.0,0.0,0.0,0.0,0.0,0.0,0.0,0.0,0.0,0.0,0.0,0.0,0.0,0.0,0.0,0.0,0.0,1.0,1.0,0.0,0.0,0.0,0.0,0.0,0.0,0.0,0.0,0.0,0.0,0.0,0.0,0.0,0.0,0.0,0.0,0.0,0.0,0.0,0.0,0.0,0.0,0.0,0.0,0.0,0.0
Bahrein,26.0667,50.5577,0.0,0.0,0.0,0.0,0.0,0.0,0.0,0.0,0.0,0.0,0.0,0.0,0.0,0.0,0.0,0.0,0.0,0.0,0.0,0.0,0.0,0.0,0.0,0.0,0.0,0.0,0.0,0.0,0.0,0.0,0.0,0.0,0.0,0.0,0.0,0.0,0.0,0.0,0.0,0.0,0.0,0.0,0.0,0.0,0.0,0.0,0.0,0.0
Bangladesh,23.684994,90.356331,23.0,42.0,42.0,40.0,34.0,20.0,17.0,14.0,18.0,30.0,27.0,40.0,47.0,39.0,32.0,21.0,21.0,24.0,23.0,14.0,12.0,13.0,14.0,14.0,11.0,12.0,12.0,7.0,1.0,2.0,2.0,2.0,3.0,2.0,0.0,0.0,0.0,0.0,0.0,0.0,0.0,0.0,1.0,3.0,2.0,0.0,0.0,0.0
Brunei,4.535277,114.727669,0.0,0.0,0.0,0.0,0.0,0.0,0.0,0.0,0.0,0.0,0.0,0.0,0.0,0.0,0.0,0.0,0.0,0.0,0.0,0.0,0.0,0.0,0.0,0.0,0.0,0.0,0.0,0.0,0.0,0.0,0.0,0.0,0.0,0.0,0.0,0.0,0.0,0.0,0.0,0.0,0.0,0.0,0.0,0.0,0.0,0.0,0.0,0.0
Camboya,12.565679,104.990963,0.0,0.0,0.0,0.0,0.0,0.0,0.0,0.0,1.0,1.0,0.0,0.0,0.0,0.0,0.0,0.0,0.0,0.0,0.0,0.0,1.0,1.0,0.0,0.0,0.0,0.0,0.0,0.0,0.0,0.0,0.0,0.0,0.0,0.0,0.0,0.0,0.0,0.0,0.0,0.0,0.0,0.0,0.0,0.0,0.0,0.0,0.0,0.0
China,35.86166,104.195397,83.0,92.0,92.0,97.0,131.0,158.0,154.0,158.0,202.0,229.0,209.0,177.0,177.0,191.0,189.0,192.0,204.0,205.0,180.0,174.0,174.0,150.0,151.0,170.0,158.0,121.0,140.0,158.0,164.0,147.0,93.0,72.0,59.0,52.0,46.0,40.0,51.0,37.0,19.0,18.0,11.0,12.0,13.0,8.0,9.0,10.0,5.0,3.0
Corea,44.4009135,-67.9750023,4.0,1.0,1.0,0.0,0.0,2.0,4.0,2.0,2.0,4.0,4.0,3.0,2.0,1.0,2.0,2.0,3.0,6.0,6.0,2.0,0.0,0.0,0.0,2.0,6.0,4.0,0.0,0.0,2.0,4.0,3.0,3.0,4.0,3.0,1.0,0.0,0.0,0.0,2.0,2.0,0.0,0.0,0.0,0.0,0.0,0.0,0.0,1.0
Corea del Norte,40.339852,127.510093,0.0,0.0,0.0,0.0,0.0,0.0,0.0,0.0,0.0,0.0,0.0,0.0,0.0,0.0,0.0,0.0,0.0,0.0,0.0,0.0,0.0,0.0,0.0,0.0,0.0,0.0,0.0,0.0,0.0,0.0,0.0,0.0,0.0,0.0,0.0,0.0,0.0,0.0,0.0,0.0,0.0,0.0,0.0,0.0,0.0,0.0,0.0,0.0
Emiratos Árabes Unidos,23.424076,53.847818,0.0,0.0,0.0,1.0,1.0,1.0,4.0,4.0,2.0,2.0,2.0,3.0,6.0,7.0,14.0,9.0,8.0,19.0,16.0,9.0,10.0,10.0,6.0,1.0,4.0,8.0,4.0,2.0,2.0,2.0,2.0,0.0,0.0,0.0,1.0,1.0,0.0,0.0,0.0,0.0,0.0,0.0,0.0,0.0,0.0,0.0,0.0,1.0
Filipinas,12.879721,121.774017,7.0,4.0,2.0,0.0,4.0,4.0,0.0,6.0,16.0,12.0,5.0,11.0,17.0,13.0,8.0,8.0,11.0,14.0,12.0,10.0,7.0,10.0,9.0,2.0,5.0,5.0,2.0,2.0,3.0,3.0,1.0,1.0,2.0,2.0,4.0,4.0,1.0,3.0,2.0,0.0,0.0,4.0,6.0,3.0,2.0,1.0,1.0,1.0
India,20.593684,78.96288,25.0,29.0,27.0,34.0,61.0,78.0,68.0,73.0,120.0,141.0,141.0,148.0,149.0,111.0,109.0,142.0,121.0,107.0,100.0,79.0,73.0,68.0,68.0,71.0,52.0,49.0,44.0,36.0,32.0,34.0,27.0,19.0,24.0,12.0,9.0,13.0,10.0,9.0,7.0,7.0,5.0,3.0,6.0,6.0,2.0,0.0,1.0,3.0
Indonesia,-0.789275,113.921327,0.0,0.0,0.0,0.0,0.0,0.0,1.0,2.0,1.0,0.0,0.0,0.0,3.0,3.0,0.0,1.0,1.0,0.0,1.0,1.0,0.0,0.0,0.0,1.0,1.0,1.0,0.0,0.0,1.0,3.0,3.0,1.0,2.0,1.0,0.0,0.0,1.0,1.0,0.0,0.0,0.0,0.0,0.0,0.0,0.0,0.0,0.0,0.0
Irán,32.427908,53.688046,0.0,0.0,0.0,0.0,0.0,2.0,5.0,3.0,5.0,6.0,4.0,3.0,1.0,1.0,1.0,1.0,0.0,1.0,1.0,1.0,3.0,2.0,2.0,2.0,1.0,0.0,0.0,0.0,1.0,1.0,0.0,0.0,2.0,2.0,0.0,0.0,1.0,1.0,0.0,0.0,0.0,0.0,0.0,1.0,3.0,2.0,0.0,0.0
Iraq,33.223191,43.679291,0.0,0.0,2.0,2.0,0.0,0.0,0.0,0.0,0.0,0.0,0.0,0.0,0.0,0.0,0.0,0.0,2.0,2.0,0.0,0.0,0.0,0.0,0.0,0.0,0.0,2.0,2.0,0.0,0.0,0.0,0.0,0.0,0.0,0.0,0.0,2.0,2.0,0.0,0.0,0.0,0.0,0.0,0.0,0.0,0.0,0.0,0.0,0.0
Islas Marshall,7.131474,171.184478,0.0,0.0,0.0,0.0,0.0,0.0,0.0,0.0,0.0,0.0,0.0,0.0,0.0,0.0,0.0,0.0,0.0,0.0,0.0,0.0,0.0,2.0,2.0,0.0,0.0,0.0,0.0,0.0,0.0,0.0,0.0,0.0,0.0,0.0,0.0,0.0,0.0,0.0,0.0,0.0,0.0,0.0,0.0,0.0,0.0,0.0,0.0,0.0
Israel,31.046051,34.851612,1.0,0.0,2.0,3.0,3.0,2.0,0.0,0.0,0.0,1.0,2.0,4.0,3.0,1.0,1.0,1.0,3.0,2.0,3.0,2.0,0.0,1.0,1.0,0.0,1.0,1.0,0.0,2.0,2.0,0.0,0.0,0.0,0.0,0.0,0.0,0.0,0.0,0.0,0.0,0.0,0.0,0.0,0.0,0.0,0.0,0.0,1.0,1.0
Japón,36.204824,138.252924,0.0,2.0,2.0,2.0,6.0,8.0,9.0,10.0,5.0,5.0,8.0,9.0,9.0,11.0,19.0,11.0,7.0,11.0,8.0,9.0,12.0,7.0,7.0,10.0,10.0,7.0,5.0,6.0,2.0,4.0,5.0,2.0,0.0,4.0,4.0,2.0,2.0,0.0,2.0,2.0,2.0,2.0,2.0,2.0,1.0,1.0,3.0,4.0
Jordania,30.585164,36.238414,0.0,0.0,0.0,0.0,0.0,0.0,2.0,2.0,0.0,0.0,3.0,5.0,3.0,5.0,4.0,0.0,0.0,0.0,0.0,0.0,3.0,6.0,2.0,2.0,2.0,0.0,0.0,0.0,0.0,4.0,4.0,0.0,0.0,0.0,0.0,0.0,0.0,0.0,0.0,0.0,0.0,1.0,1.0,0.0,0.0,0.0,0.0,0.0
Kazajstán,48.019573,66.923684,0.0,0.0,2.0,2.0,0.0,0.0,0.0,0.0,0.0,0.0,0.0,0.0,0.0,0.0,0.0,0.0,0.0,0.0,0.0,0.0,0.0,0.0,1.0,1.0,0.0,0.0,0.0,0.0,0.0,0.0,1.0,1.0,0.0,0.0,0.0,0.0,0.0,0.0,0.0,0.0,2.0,2.0,2.0,2.0,0.0,0.0,0.0,0.0
Kirguistán,41.20438,74.766098,0.0,0.0,0.0,0.0,0.0,0.0,0.0,0.0,0.0,0.0,0.0,0.0,0.0,0.0,0.0,0.0,0.0,0.0,0.0,0.0,0.0,0.0,0.0,0.0,0.0,0.0,0.0,0.0,0.0,0.0,0.0,0.0,0.0,0.0,0.0,0.0,0.0,0.0,0.0,0.0,0.0,0.0,0.0,0.0,0.0,0.0,0.0,0.0
Kuwait,29.31166,47.481766,0.0,0.0,0.0,0.0,0.0,0.0,0.0,0.0,0.0,0.0,0.0,0.0,0.0,0.0,0.0,0.0,0.0,0.0,0.0,0.0,0.0,0.0,0.0,0.0,0.0,0.0,0.0,0.0,0.0,0.0,0.0,0.0,0.0,0.0,0.0,0.0,0.0,0.0,0.0,0.0,0.0,0.0,0.0,0.0,0.0,0.0,0.0,0.0
Laos,19.85627,102.495496,0.0,0.0,0.0,0.0,0.0,0.0,0.0,0.0,0.0,0.0,0.0,0.0,0.0,0.0,0.0,0.0,0.0,0.0,0.0,0.0,0.0,0.0,0.0,0.0,0.0,0.0,0.0,0.0,0.0,0.0,0.0,0.0,0.0,0.0,0.0,0.0,0.0,0.0,0.0,0.0,0.0,0.0,0.0,0.0,0.0,0.0,0.0,0.0
Líbano,33.854721,35.862285,2.0,2.0,0.0,0.0,2.0,2.0,0.0,0.0,0.0,0.0,0.0,0.0,0.0,0.0,0.0,1.0,1.0,1.0,1.0,0.0,0.0,0.0,0.0,0.0,0.0,1.0,1.0,0.0,0.0,0.0,0.0,0.0,0.0,0.0,0.0,0.0,0.0,1.0,1.0,0.0,0.0,0.0,1.0,1.0,0.0,0.0,0.0,0.0
Malasia,4.210484,101.975766,0.0,0.0,0.0,0.0,0.0,0.0,0.0,1.0,1.0,0.0,0.0,2.0,2.0,0.0,0.0,0.0,0.0,0.0,0.0,0.0,0.0,0.0,1.0,1.0,0.0,0.0,0.0,1.0,1.0,0.0,0.0,0.0,0.0,0.0,0.0,0.0,0.0,0.0,0.0,0.0,1.0,1.0,0.0,0.0,0.0,0.0,0.0,0.0
Maldivas,1.9772469,73.5361035,0.0,0.0,0.0,0.0,0.0,0.0,0.0,0.0,0.0,0.0,0.0,0.0,0.0,0.0,0.0,0.0,0.0,0.0,0.0,0.0,0.0,0.0,0.0,0.0,0.0,0.0,3.0,3.0,0.0,0.0,0.0,0.0,0.0,0.0,0.0,0.0,0.0,0.0,0.0,0.0,0.0,0.0,0.0,0.0,0.0,0.0,0.0,0.0
Mongolia,46.862496,103.846656,0.0,0.0,0.0,0.0,0.0,0.0,0.0,0.0,0.0,0.0,0.0,0.0,0.0,0.0,0.0,0.0,0.0,0.0,0.0,0.0,0.0,0.0,0.0,2.0,2.0,0.0,0.0,0.0,0.0,0.0,0.0,0.0,0.0,0.0,0.0,0.0,0.0,0.0,0.0,0.0,0.0,0.0,0.0,0.0,0.0,0.0,0.0,0.0
Myanmar,21.913965,95.956223,0.0,0.0,0.0,0.0,0.0,0.0,0.0,0.0,0.0,0.0,0.0,0.0,0.0,0.0,0.0,0.0,0.0,0.0,0.0,0.0,0.0,0.0,0.0,0.0,0.0,0.0,0.0,0.0,0.0,0.0,0.0,0.0,0.0,0.0,0.0,0.0,0.0,0.0,0.0,0.0,0.0,0.0,0.0,0.0,0.0,0.0,0.0,0.0
Nepal,28.394857,84.12400799999999,0.0,0.0,0.0,2.0,2.0,6.0,17.0,23.0,18.0,18.0,18.0,9.0,11.0,19.0,17.0,13.0,15.0,8.0,2.0,2.0,2.0,4.0,5.0,6.0,2.0,0.0,2.0,2.0,2.0,4.0,4.0,2.0,0.0,0.0,0.0,4.0,4.0,0.0,0.0,0.0,0.0,0.0,0.0,0.0,0.0,0.0,0.0,0.0
Omán,21.512583,55.923255,0.0,0.0,0.0,0.0,0.0,0.0,0.0,0.0,0.0,0.0,0.0,0.0,0.0,0.0,0.0,0.0,0.0,0.0,0.0,0.0,0.0,1.0,1.0,0.0,0.0,0.0,0.0,0.0,0.0,0.0,0.0,0.0,0.0,0.0,0.0,0.0,0.0,0.0,0.0,0.0,0.0,0.0,0.0,0.0,0.0,0.0,0.0,0.0
Pakistán,30.375321,69.34511599999999,38.0,54.0,62.0,83.0,103.0,144.0,207.0,234.0,283.0,348.0,355.0,393.0,401.0,392.0,394.0,363.0,334.0,338.0,334.0,271.0,253.0,259.0,237.0,197.0,173.0,168.0,154.0,123.0,90.0,73.0,66.0,58.0,60.0,69.0,65.0,60.0,47.0,29.0,29.0,23.0,16.0,11.0,7.0,12.0,14.0,10.0,6.0,5.0
Qatar,25.354826,51.183884,0.0,0.0,0.0,2.0,1.0,0.0,0.0,0.0,0.0,1.0,1.0,4.0,3.0,1.0,2.0,2.0,3.0,3.0,0.0,0.0,1.0,2.0,1.0,0.0,1.0,3.0,2.0,0.0,0.0,0.0,2.0,2.0,1.0,0.0,0.0,0.0,0.0,0.0,0.0,0.0,0.0,0.0,0.0,0.0,0.0,0.0,0.0,0.0
Singapur,1.352083,103.819836,0.0,2.0,2.0,0.0,0.0,0.0,0.0,1.0,2.0,1.0,0.0,0.0,0.0,2.0,2.0,0.0,0.0,0.0,0.0,0.0,0.0,0.0,0.0,0.0,0.0,0.0,0.0,1.0,1.0,0.0,0.0,0.0,0.0,0.0,0.0,0.0,1.0,1.0,0.0,0.0,0.0,0.0,0.0,0.0,0.0,2.0,2.0,0.0
Siria,34.80207499999999,38.996815,1.0,0.0,0.0,0.0,0.0,0.0,2.0,3.0,1.0,1.0,4.0,4.0,1.0,1.0,0.0,1.0,8.0,7.0,0.0,0.0,0.0,4.0,6.0,3.0,1.0,4.0,4.0,2.0,2.0,1.0,0.0,0.0,0.0,0.0,0.0,0.0,0.0,0.0,0.0,0.0,2.0,2.0,0.0,0.0,2.0,2.0,0.0,0.0
Sri Lanka,7.873053999999999,80.77179699999999,0.0,0.0,0.0,0.0,0.0,0.0,0.0,0.0,0.0,0.0,0.0,0.0,0.0,0.0,0.0,0.0,0.0,0.0,0.0,0.0,0.0,0.0,0.0,0.0,0.0,0.0,0.0,0.0,0.0,0.0,0.0,0.0,0.0,0.0,0.0,0.0,0.0,0.0,0.0,0.0,0.0,0.0,0.0,0.0,0.0,0.0,0.0,0.0
Tadyikistán,,,0.0,0.0,0.0,0.0,0.0,0.0,0.0,0.0,0.0,0.0,2.0,2.0,0.0,0.0,0.0,0.0,0.0,0.0,0.0,0.0,0.0,0.0,0.0,0.0,0.0,0.0,0.0,0.0,0.0,0.0,0.0,0.0,0.0,0.0,0.0,0.0,0.0,0.0,0.0,0.0,0.0,0.0,0.0,0.0,0.0,0.0,0.0,0.0
Tailandia,15.870032,100.992541,0.0,0.0,0.0,0.0,0.0,0.0,1.0,1.0,1.0,1.0,0.0,0.0,0.0,2.0,2.0,1.0,1.0,1.0,2.0,1.0,2.0,3.0,1.0,2.0,3.0,2.0,2.0,2.0,4.0,4.0,0.0,2.0,2.0,0.0,0.0,0.0,2.0,2.0,0.0,1.0,1.0,0.0,0.0,0.0,0.0,0.0,0.0,0.0
Turkmenistán,38.969719,59.556278,0.0,0.0,0.0,0.0,0.0,0.0,0.0,0.0,0.0,0.0,0.0,0.0,0.0,0.0,0.0,0.0,0.0,0.0,0.0,0.0,0.0,0.0,0.0,0.0,0.0,0.0,0.0,0.0,0.0,0.0,0.0,0.0,0.0,0.0,0.0,0.0,0.0,0.0,0.0,0.0,0.0,0.0,0.0,0.0,0.0,0.0,0.0,0.0
Uzbekistán,41.377491,64.585262,0.0,0.0,0.0,0.0,0.0,2.0,2.0,0.0,0.0,0.0,0.0,0.0,0.0,0.0,0.0,0.0,2.0,2.0,0.0,0.0,0.0,0.0,0.0,0.0,0.0,0.0,0.0,0.0,0.0,0.0,0.0,0.0,0.0,0.0,0.0,0.0,0.0,0.0,0.0,0.0,0.0,0.0,0.0,0.0,0.0,0.0,0.0,0.0
Vietnam,14.058324,108.277199,0.0,0.0,0.0,0.0,0.0,0.0,4.0,8.0,7.0,6.0,3.0,1.0,2.0,1.0,0.0,2.0,2.0,6.0,7.0,1.0,0.0,0.0,0.0,0.0,0.0,1.0,1.0,0.0,0.0,2.0,3.0,1.0,0.0,0.0,0.0,2.0,2.0,0.0,0.0,0.0,0.0,0.0,0.0,0.0,0.0,0.0,0.0,0.0
Yemen,15.552727,48.516388,0.0,0.0,0.0,0.0,0.0,2.0,6.0,4.0,5.0,5.0,2.0,4.0,2.0,0.0,0.0,0.0,2.0,2.0,2.0,2.0,4.0,4.0,1.0,1.0,0.0,4.0,4.0,2.0,2.0,0.0,2.0,2.0,0.0,0.0,0.0,0.0,0.0,0.0,0.0,0.0,0.0,0.0,0.0,0.0,0.0,0.0,0.0,0.0
Países de Asia sin relaciones diplomáticas,,,5.0,2.0,0.0,0.0,2.0,3.0,2.0,1.0,1.0,2.0,2.0,1.0,2.0,2.0,2.0,2.0,1.0,1.0,1.0,1.0,1.0,1.0,1.0,1.0,1.0,1.0,4.0,5.0,3.0,1.0,0.0,0.0,0.0,1.0,1.0,0.0,0.0,0.0,0.0,0.0,0.0,0.0,0.0,0.0,0.0,0.0,0.0,0.0
TOTAL OCEANÍA,,,3.0,5.0,4.0,4.0,4.0,3.0,4.0,6.0,9.0,7.0,6.0,7.0,13.0,17.0,19.0,21.0,15.0,7.0,3.0,9.0,11.0,6.0,4.0,4.0,7.0,12.0,17.0,12.0,6.0,5.0,1.0,5.0,4.0,0.0,4.0,4.0,0.0,4.0,7.0,3.0,0.0,3.0,4.0,2.0,4.0,5.0,2.0,3.0
Australia,-25.274398,133.775136,3.0,5.0,4.0,4.0,4.0,3.0,4.0,6.0,7.0,5.0,6.0,7.0,12.0,17.0,17.0,18.0,14.0,6.0,1.0,5.0,6.0,5.0,4.0,4.0,7.0,12.0,17.0,11.0,5.0,5.0,1.0,4.0,4.0,0.0,2.0,2.0,0.0,4.0,7.0,3.0,0.0,3.0,4.0,2.0,4.0,5.0,2.0,3.0
Fiji,-17.713371,178.065032,0.0,0.0,0.0,0.0,0.0,0.0,0.0,0.0,0.0,0.0,0.0,0.0,0.0,0.0,0.0,0.0,0.0,0.0,0.0,0.0,0.0,0.0,0.0,0.0,0.0,0.0,0.0,0.0,0.0,0.0,0.0,0.0,0.0,0.0,0.0,0.0,0.0,0.0,0.0,0.0,0.0,0.0,0.0,0.0,0.0,0.0,0.0,0.0
Islas Cook,-21.236736,-159.777671,0.0,0.0,0.0,0.0,0.0,0.0,0.0,0.0,0.0,0.0,0.0,0.0,0.0,0.0,0.0,0.0,0.0,0.0,0.0,0.0,0.0,0.0,0.0,0.0,0.0,0.0,0.0,0.0,0.0,0.0,0.0,0.0,0.0,0.0,0.0,0.0,0.0,0.0,0.0,0.0,0.0,0.0,0.0,0.0,0.0,0.0,0.0,0.0
Islas Salomón,-9.64571,160.156194,0.0,0.0,0.0,0.0,0.0,0.0,0.0,0.0,0.0,0.0,0.0,0.0,0.0,0.0,0.0,0.0,0.0,0.0,0.0,0.0,0.0,0.0,0.0,0.0,0.0,0.0,0.0,0.0,0.0,0.0,0.0,0.0,0.0,0.0,0.0,0.0,0.0,0.0,0.0,0.0,0.0,0.0,0.0,0.0,0.0,0.0,0.0,0.0
Micronesia,6.8874574,158.2150717,0.0,0.0,0.0,0.0,0.0,0.0,0.0,0.0,0.0,0.0,0.0,0.0,0.0,0.0,0.0,0.0,0.0,0.0,0.0,0.0,0.0,0.0,0.0,0.0,0.0,0.0,0.0,0.0,0.0,0.0,0.0,0.0,0.0,0.0,0.0,0.0,0.0,0.0,0.0,0.0,0.0,0.0,0.0,0.0,0.0,0.0,0.0,0.0
Nauru,-0.522778,166.931503,0.0,0.0,0.0,0.0,0.0,0.0,0.0,0.0,0.0,0.0,0.0,0.0,0.0,0.0,0.0,0.0,0.0,0.0,0.0,0.0,0.0,0.0,0.0,0.0,0.0,0.0,0.0,0.0,0.0,0.0,0.0,0.0,0.0,0.0,0.0,0.0,0.0,0.0,0.0,0.0,0.0,0.0,0.0,0.0,0.0,0.0,0.0,0.0
Nueva Zelanda,-40.900557,174.885971,0.0,0.0,0.0,0.0,0.0,0.0,0.0,0.0,2.0,2.0,0.0,0.0,0.0,0.0,1.0,1.0,0.0,1.0,1.0,2.0,2.0,0.0,0.0,0.0,0.0,0.0,0.0,0.0,0.0,0.0,0.0,0.0,0.0,0.0,2.0,2.0,0.0,0.0,0.0,0.0,0.0,0.0,0.0,0.0,0.0,0.0,0.0,0.0
Palaos,7.514979999999999,134.58252,0.0,0.0,0.0,0.0,0.0,0.0,0.0,0.0,0.0,0.0,0.0,0.0,0.0,0.0,0.0,0.0,0.0,0.0,0.0,0.0,0.0,0.0,0.0,0.0,0.0,0.0,0.0,0.0,0.0,0.0,0.0,0.0,0.0,0.0,0.0,0.0,0.0,0.0,0.0,0.0,0.0,0.0,0.0,0.0,0.0,0.0,0.0,0.0
Papúa Nueva Guinea,-6.314992999999999,143.95555,0.0,0.0,0.0,0.0,0.0,0.0,0.0,0.0,0.0,0.0,0.0,0.0,0.0,0.0,0.0,0.0,0.0,0.0,0.0,0.0,0.0,0.0,0.0,0.0,0.0,0.0,0.0,0.0,0.0,0.0,0.0,0.0,0.0,0.0,0.0,0.0,0.0,0.0,0.0,0.0,0.0,0.0,0.0,0.0,0.0,0.0,0.0,0.0
Samoa,-13.759029,-172.104629,0.0,0.0,0.0,0.0,0.0,0.0,0.0,0.0,0.0,0.0,0.0,0.0,0.0,0.0,0.0,0.0,0.0,0.0,0.0,0.0,0.0,0.0,0.0,0.0,0.0,0.0,0.0,0.0,0.0,0.0,0.0,0.0,0.0,0.0,0.0,0.0,0.0,0.0,0.0,0.0,0.0,0.0,0.0,0.0,0.0,0.0,0.0,0.0
Timor Oriental,-8.874217,125.727539,0.0,0.0,0.0,0.0,0.0,0.0,0.0,0.0,0.0,0.0,0.0,1.0,1.0,0.0,0.0,1.0,1.0,0.0,1.0,2.0,2.0,1.0,0.0,0.0,0.0,0.0,0.0,1.0,1.0,0.0,0.0,0.0,0.0,0.0,0.0,0.0,0.0,0.0,0.0,0.0,0.0,0.0,0.0,0.0,0.0,0.0,0.0,0.0
Tonga,-21.178986,-175.198242,0.0,0.0,0.0,0.0,0.0,0.0,0.0,0.0,0.0,0.0,0.0,0.0,0.0,0.0,0.0,0.0,0.0,0.0,0.0,0.0,0.0,0.0,0.0,0.0,0.0,0.0,0.0,0.0,0.0,0.0,0.0,0.0,0.0,0.0,0.0,0.0,0.0,0.0,0.0,0.0,0.0,0.0,0.0,0.0,0.0,0.0,0.0,0.0
Tuvalu,-10.7280717,179.4726562,0.0,0.0,0.0,0.0,0.0,0.0,0.0,0.0,0.0,0.0,0.0,0.0,0.0,0.0,0.0,0.0,0.0,0.0,0.0,0.0,0.0,0.0,0.0,0.0,0.0,0.0,0.0,0.0,0.0,0.0,0.0,0.0,0.0,0.0,0.0,0.0,0.0,0.0,0.0,0.0,0.0,0.0,0.0,0.0,0.0,0.0,0.0,0.0
Vanuatu,-15.376706,166.959158,0.0,0.0,0.0,0.0,0.0,0.0,0.0,0.0,0.0,0.0,0.0,0.0,0.0,0.0,0.0,0.0,0.0,0.0,0.0,0.0,0.0,0.0,0.0,0.0,0.0,0.0,0.0,0.0,0.0,0.0,0.0,0.0,0.0,0.0,0.0,0.0,0.0,0.0,0.0,0.0,0.0,0.0,0.0,0.0,0.0,0.0,0.0,0.0
Países de Oceanía sin relaciones diplomáticas,,,0.0,0.0,0.0,0.0,0.0,0.0,0.0,0.0,0.0,0.0,0.0,0.0,0.0,0.0,0.0,0.0,0.0,0.0,0.0,0.0,0.0,0.0,0.0,0.0,0.0,0.0,0.0,0.0,0.0,0.0,0.0,0.0,0.0,0.0,0.0,0.0,0.0,0.0,0.0,0.0,0.0,0.0,0.0,0.0,0.0,0.0,0.0,0.0
