TOTAL DE PAÍSES,lat,lng,2468.0,2803.0,3211.0,3676.0,4203.0,4765.0,5300.0,5783.0,6214.0,6574.0,6825.0,6947.0,6949.0,6827.0,6594.0,6281.0,5916.0,5525.0,5133.0,4769.0,4442.0,4154.0,3896.0,3664.0,3444.0,3228.0,3032.0,2851.0,2665.0,2485.0,2322.0,2168.0,2030.0,1920.0,1820.0,1719.0,1620.0,1524.0,1435.0,1350.0,1268.0,1198.0,1145.0,1087.0,1022.0,965.0,905.0,833.0
TOTAL UNIÓN EUROPEA,,,866.0,961.0,1220.0,1445.0,1650.0,1870.0,1992.0,2143.0,2141.0,2127.0,2122.0,2154.0,2231.0,2199.0,2159.0,2082.0,1914.0,1845.0,1779.0,1608.0,1533.0,1430.0,1325.0,1291.0,1172.0,1177.0,1109.0,930.0,928.0,906.0,846.0,816.0,795.0,760.0,694.0,659.0,659.0,603.0,581.0,560.0,504.0,498.0,444.0,382.0,386.0,406.0,408.0,330.0
Alemania,51.165691,10.451526,88.0,75.0,84.0,94.0,122.0,155.0,186.0,198.0,177.0,200.0,242.0,237.0,226.0,253.0,263.0,251.0,230.0,226.0,202.0,178.0,177.0,152.0,150.0,138.0,114.0,133.0,130.0,108.0,121.0,110.0,99.0,108.0,82.0,67.0,73.0,75.0,67.0,51.0,58.0,62.0,48.0,49.0,40.0,37.0,51.0,51.0,49.0,46.0
Austria,47.516231,14.550072,3.0,8.0,14.0,14.0,10.0,11.0,16.0,16.0,16.0,19.0,24.0,19.0,12.0,13.0,11.0,12.0,20.0,20.0,17.0,11.0,15.0,17.0,13.0,24.0,17.0,3.0,6.0,7.0,5.0,8.0,9.0,6.0,6.0,7.0,7.0,4.0,3.0,2.0,2.0,1.0,2.0,13.0,12.0,1.0,1.0,1.0,2.0,1.0
Bélgica,50.503887,4.469936,40.0,55.0,69.0,66.0,62.0,81.0,87.0,81.0,99.0,100.0,90.0,105.0,98.0,79.0,83.0,88.0,96.0,89.0,84.0,85.0,78.0,70.0,81.0,71.0,50.0,57.0,55.0,49.0,43.0,35.0,29.0,31.0,32.0,28.0,25.0,18.0,20.0,24.0,24.0,34.0,30.0,14.0,14.0,14.0,15.0,18.0,16.0,17.0
Bulgaria,42.733883,25.48583,40.0,28.0,76.0,108.0,94.0,92.0,90.0,105.0,119.0,123.0,122.0,93.0,71.0,80.0,93.0,78.0,82.0,93.0,96.0,81.0,59.0,64.0,73.0,75.0,55.0,55.0,47.0,25.0,47.0,81.0,60.0,38.0,49.0,66.0,57.0,46.0,81.0,65.0,61.0,83.0,61.0,55.0,51.0,56.0,44.0,29.0,31.0,14.0
Chipre,35.126413,33.429859,0.0,0.0,1.0,1.0,1.0,1.0,1.0,1.0,1.0,0.0,1.0,1.0,1.0,1.0,1.0,1.0,0.0,0.0,0.0,1.0,1.0,1.0,1.0,0.0,0.0,0.0,0.0,0.0,0.0,0.0,0.0,0.0,0.0,0.0,0.0,0.0,0.0,0.0,0.0,0.0,0.0,0.0,0.0,0.0,0.0,0.0,0.0,0.0
Dinamarca,56.26392,9.501785,4.0,10.0,10.0,5.0,13.0,16.0,9.0,8.0,7.0,9.0,13.0,23.0,28.0,19.0,9.0,14.0,16.0,9.0,10.0,10.0,8.0,5.0,3.0,3.0,4.0,3.0,5.0,3.0,4.0,5.0,4.0,5.0,1.0,1.0,1.0,1.0,1.0,1.0,1.0,1.0,0.0,1.0,2.0,10.0,9.0,2.0,3.0,1.0
Eslovenia,46.151241,14.995463,0.0,0.0,0.0,1.0,1.0,1.0,1.0,2.0,2.0,0.0,2.0,3.0,2.0,1.0,2.0,2.0,1.0,1.0,1.0,1.0,1.0,1.0,0.0,0.0,0.0,1.0,0.0,0.0,0.0,1.0,1.0,0.0,1.0,1.0,0.0,0.0,0.0,0.0,0.0,0.0,0.0,0.0,0.0,0.0,0.0,0.0,0.0,0.0
Estonia,58.595272,25.013607,0.0,0.0,0.0,0.0,0.0,0.0,0.0,0.0,0.0,1.0,3.0,3.0,1.0,1.0,0.0,0.0,0.0,0.0,0.0,0.0,0.0,0.0,0.0,0.0,0.0,0.0,0.0,0.0,0.0,0.0,0.0,0.0,0.0,0.0,0.0,0.0,0.0,0.0,0.0,0.0,0.0,0.0,0.0,0.0,0.0,0.0,0.0,0.0
Finlandia,61.92410999999999,25.748151,2.0,4.0,8.0,14.0,21.0,16.0,8.0,10.0,10.0,10.0,13.0,8.0,9.0,11.0,9.0,7.0,7.0,9.0,8.0,7.0,5.0,5.0,4.0,3.0,2.0,1.0,2.0,8.0,7.0,1.0,3.0,4.0,1.0,1.0,1.0,1.0,1.0,1.0,1.0,2.0,1.0,3.0,3.0,0.0,1.0,1.0,2.0,2.0
Francia,46.227638,2.213749,81.0,112.0,153.0,153.0,159.0,205.0,230.0,255.0,261.0,258.0,271.0,299.0,302.0,300.0,292.0,265.0,272.0,273.0,234.0,204.0,196.0,171.0,146.0,136.0,155.0,172.0,129.0,114.0,132.0,91.0,75.0,80.0,63.0,64.0,58.0,60.0,61.0,48.0,48.0,39.0,40.0,47.0,51.0,43.0,47.0,54.0,54.0,52.0
Grecia,39.074208,21.824312,1.0,2.0,3.0,2.0,1.0,5.0,5.0,2.0,5.0,5.0,1.0,2.0,6.0,5.0,2.0,6.0,7.0,11.0,9.0,2.0,6.0,6.0,3.0,1.0,1.0,5.0,4.0,4.0,4.0,1.0,1.0,1.0,1.0,2.0,1.0,1.0,1.0,1.0,1.0,1.0,1.0,1.0,1.0,1.0,0.0,0.0,0.0,0.0
Hungría,47.162494,19.503304,2.0,1.0,2.0,13.0,12.0,1.0,10.0,26.0,24.0,9.0,7.0,12.0,10.0,9.0,5.0,2.0,3.0,9.0,15.0,9.0,6.0,5.0,1.0,0.0,1.0,1.0,4.0,5.0,1.0,1.0,4.0,5.0,9.0,7.0,1.0,0.0,0.0,0.0,0.0,0.0,0.0,0.0,0.0,0.0,0.0,0.0,0.0,0.0
Irlanda,53.41291,-8.24389,4.0,12.0,16.0,16.0,20.0,20.0,28.0,36.0,29.0,32.0,36.0,30.0,27.0,30.0,27.0,28.0,29.0,34.0,32.0,19.0,17.0,17.0,19.0,16.0,12.0,9.0,9.0,7.0,5.0,5.0,3.0,4.0,4.0,4.0,3.0,7.0,6.0,2.0,2.0,3.0,4.0,4.0,3.0,2.0,2.0,2.0,2.0,1.0
Italia,41.87194,12.56738,44.0,43.0,50.0,65.0,93.0,91.0,102.0,140.0,144.0,166.0,179.0,161.0,177.0,186.0,165.0,152.0,140.0,128.0,132.0,112.0,92.0,92.0,74.0,71.0,69.0,53.0,51.0,55.0,47.0,46.0,53.0,42.0,36.0,34.0,25.0,25.0,32.0,40.0,27.0,18.0,18.0,13.0,15.0,19.0,18.0,22.0,22.0,18.0
Letonia,56.879635,24.603189,0.0,0.0,0.0,0.0,4.0,18.0,15.0,0.0,0.0,0.0,0.0,0.0,0.0,1.0,2.0,7.0,9.0,3.0,0.0,4.0,4.0,1.0,0.0,0.0,0.0,0.0,1.0,2.0,1.0,0.0,0.0,1.0,1.0,0.0,0.0,0.0,0.0,0.0,0.0,0.0,0.0,0.0,0.0,0.0,0.0,0.0,0.0,0.0
Lituania,55.169438,23.881275,10.0,11.0,10.0,6.0,18.0,16.0,11.0,13.0,8.0,6.0,4.0,4.0,13.0,13.0,2.0,3.0,7.0,7.0,3.0,3.0,17.0,17.0,3.0,4.0,4.0,3.0,3.0,4.0,9.0,7.0,3.0,3.0,8.0,13.0,10.0,19.0,15.0,1.0,3.0,9.0,7.0,1.0,1.0,4.0,4.0,9.0,19.0,10.0
Luxemburgo,49.815273,6.129582999999999,0.0,1.0,2.0,1.0,1.0,1.0,2.0,4.0,2.0,1.0,1.0,1.0,2.0,1.0,5.0,6.0,2.0,2.0,14.0,12.0,4.0,6.0,3.0,3.0,3.0,2.0,2.0,3.0,3.0,2.0,0.0,0.0,1.0,1.0,2.0,1.0,1.0,1.0,0.0,0.0,0.0,0.0,0.0,0.0,1.0,1.0,1.0,1.0
Malta,35.937496,14.375416,0.0,0.0,1.0,1.0,0.0,0.0,0.0,0.0,0.0,0.0,0.0,0.0,0.0,0.0,1.0,1.0,0.0,1.0,1.0,0.0,0.0,0.0,0.0,0.0,1.0,1.0,1.0,1.0,0.0,0.0,0.0,0.0,0.0,0.0,0.0,0.0,0.0,1.0,1.0,0.0,0.0,0.0,0.0,0.0,0.0,0.0,0.0,0.0
Países Bajos,52.132633,5.291265999999999,18.0,26.0,41.0,40.0,38.0,48.0,48.0,52.0,58.0,77.0,85.0,63.0,61.0,74.0,71.0,65.0,73.0,64.0,67.0,68.0,41.0,36.0,53.0,52.0,42.0,52.0,44.0,38.0,44.0,35.0,36.0,32.0,23.0,22.0,19.0,20.0,29.0,24.0,10.0,12.0,18.0,27.0,28.0,17.0,10.0,16.0,25.0,19.0
Polonia,51.919438,19.145136,21.0,18.0,17.0,26.0,34.0,40.0,62.0,94.0,97.0,84.0,82.0,106.0,93.0,56.0,40.0,44.0,69.0,57.0,31.0,52.0,61.0,36.0,36.0,35.0,23.0,12.0,14.0,20.0,14.0,25.0,28.0,19.0,28.0,20.0,9.0,10.0,18.0,31.0,21.0,7.0,8.0,16.0,20.0,10.0,6.0,17.0,13.0,3.0
Portugal,39.39987199999999,-8.224454,23.0,24.0,31.0,55.0,76.0,95.0,121.0,116.0,120.0,146.0,140.0,122.0,118.0,111.0,111.0,102.0,81.0,107.0,116.0,91.0,74.0,58.0,53.0,49.0,46.0,56.0,73.0,75.0,68.0,64.0,46.0,34.0,34.0,43.0,42.0,45.0,42.0,33.0,27.0,32.0,40.0,16.0,7.0,15.0,13.0,6.0,10.0,9.0
Reino Unido,55.378051,-3.435973,142.0,133.0,118.0,132.0,135.0,143.0,142.0,167.0,207.0,237.0,230.0,262.0,281.0,268.0,296.0,300.0,265.0,258.0,246.0,234.0,236.0,212.0,194.0,178.0,171.0,149.0,134.0,129.0,113.0,104.0,89.0,82.0,106.0,105.0,92.0,72.0,56.0,69.0,64.0,44.0,48.0,68.0,62.0,56.0,63.0,67.0,67.0,61.0
República Checa,49.81749199999999,15.472962,0.0,1.0,1.0,1.0,1.0,0.0,4.0,9.0,16.0,16.0,11.0,11.0,15.0,14.0,17.0,13.0,1.0,9.0,14.0,7.0,2.0,3.0,3.0,2.0,1.0,0.0,0.0,0.0,1.0,1.0,0.0,0.0,0.0,0.0,0.0,0.0,0.0,0.0,0.0,0.0,0.0,0.0,0.0,0.0,4.0,4.0,0.0,0.0
República Eslovaca,40.4188595,-3.615058599999999,0.0,8.0,10.0,5.0,4.0,10.0,19.0,17.0,16.0,10.0,5.0,6.0,11.0,17.0,10.0,2.0,8.0,8.0,1.0,4.0,5.0,1.0,1.0,1.0,0.0,0.0,0.0,0.0,0.0,0.0,0.0,4.0,4.0,0.0,0.0,0.0,0.0,1.0,1.0,1.0,0.0,0.0,0.0,0.0,0.0,0.0,0.0,0.0
Rumanía,45.943161,24.96676,328.0,383.0,486.0,600.0,700.0,772.0,761.0,763.0,700.0,586.0,535.0,563.0,643.0,630.0,619.0,615.0,484.0,416.0,429.0,397.0,414.0,442.0,403.0,424.0,388.0,387.0,376.0,260.0,250.0,279.0,293.0,312.0,296.0,267.0,265.0,246.0,214.0,201.0,225.0,209.0,172.0,164.0,132.0,93.0,94.0,101.0,87.0,70.0
Suecia,60.12816100000001,18.643501,13.0,7.0,20.0,27.0,28.0,32.0,34.0,27.0,23.0,32.0,26.0,20.0,24.0,24.0,22.0,21.0,14.0,11.0,17.0,15.0,14.0,13.0,6.0,5.0,12.0,21.0,19.0,14.0,8.0,7.0,8.0,4.0,8.0,8.0,3.0,7.0,11.0,5.0,1.0,3.0,5.0,5.0,3.0,3.0,3.0,4.0,6.0,3.0
TOTAL RESTO DE EUROPA,,,102.0,118.0,128.0,146.0,163.0,219.0,261.0,274.0,274.0,271.0,293.0,307.0,311.0,303.0,302.0,293.0,264.0,252.0,245.0,218.0,195.0,190.0,189.0,179.0,157.0,186.0,187.0,137.0,147.0,190.0,167.0,126.0,141.0,134.0,133.0,135.0,106.0,100.0,88.0,100.0,98.0,72.0,68.0,86.0,86.0,67.0,52.0,35.0
Albania,41.153332,20.168331,0.0,0.0,0.0,0.0,0.0,0.0,0.0,0.0,0.0,0.0,0.0,1.0,1.0,0.0,0.0,1.0,1.0,0.0,0.0,0.0,0.0,0.0,0.0,0.0,0.0,0.0,0.0,0.0,0.0,0.0,0.0,0.0,0.0,0.0,0.0,0.0,0.0,1.0,1.0,0.0,0.0,0.0,0.0,0.0,0.0,0.0,0.0,0.0
Andorra,42.506285,1.521801,4.0,7.0,9.0,6.0,8.0,9.0,7.0,5.0,6.0,9.0,12.0,11.0,13.0,15.0,14.0,23.0,23.0,13.0,22.0,22.0,13.0,12.0,8.0,8.0,10.0,8.0,14.0,15.0,11.0,11.0,8.0,6.0,4.0,5.0,7.0,4.0,4.0,4.0,2.0,1.0,1.0,1.0,2.0,3.0,4.0,6.0,5.0,3.0
Armenia,40.069099,45.038189,6.0,5.0,4.0,2.0,1.0,6.0,14.0,19.0,12.0,8.0,8.0,6.0,6.0,5.0,4.0,2.0,3.0,3.0,4.0,6.0,5.0,3.0,5.0,10.0,6.0,0.0,2.0,7.0,5.0,0.0,2.0,6.0,7.0,9.0,8.0,3.0,0.0,0.0,0.0,0.0,2.0,2.0,3.0,6.0,3.0,2.0,2.0,0.0
Belarús,53.709807,27.953389,0.0,0.0,0.0,0.0,0.0,4.0,5.0,1.0,1.0,5.0,8.0,7.0,3.0,4.0,4.0,0.0,0.0,0.0,3.0,3.0,0.0,0.0,3.0,3.0,0.0,0.0,0.0,0.0,0.0,0.0,0.0,0.0,0.0,0.0,0.0,0.0,0.0,0.0,0.0,0.0,0.0,0.0,0.0,0.0,0.0,0.0,0.0,0.0
Bosnia y Herzegovina,43.915886,17.679076,0.0,0.0,0.0,0.0,0.0,0.0,0.0,0.0,0.0,0.0,0.0,0.0,0.0,1.0,1.0,0.0,0.0,0.0,0.0,0.0,0.0,0.0,0.0,0.0,0.0,1.0,1.0,0.0,0.0,0.0,0.0,0.0,0.0,0.0,1.0,1.0,0.0,0.0,0.0,0.0,0.0,0.0,0.0,0.0,0.0,0.0,0.0,0.0
Croacia,45.1,15.2,0.0,0.0,0.0,0.0,0.0,3.0,3.0,0.0,1.0,1.0,3.0,3.0,3.0,3.0,1.0,1.0,0.0,0.0,0.0,0.0,0.0,0.0,0.0,0.0,0.0,0.0,1.0,1.0,0.0,0.0,0.0,0.0,0.0,0.0,0.0,0.0,0.0,0.0,0.0,0.0,0.0,0.0,0.0,0.0,0.0,0.0,0.0,0.0
Georgia,32.1574351,-82.90712300000001,0.0,0.0,7.0,8.0,7.0,14.0,9.0,5.0,14.0,11.0,9.0,11.0,11.0,9.0,17.0,19.0,10.0,14.0,16.0,13.0,14.0,16.0,16.0,10.0,0.0,1.0,10.0,9.0,4.0,6.0,4.0,4.0,2.0,1.0,4.0,7.0,6.0,3.0,1.0,4.0,7.0,6.0,2.0,4.0,3.0,0.0,0.0,0.0
Islandia,64.963051,-19.020835,0.0,0.0,0.0,0.0,0.0,1.0,2.0,1.0,1.0,2.0,6.0,5.0,1.0,1.0,1.0,0.0,0.0,1.0,1.0,0.0,0.0,0.0,0.0,0.0,4.0,4.0,0.0,0.0,3.0,3.0,0.0,0.0,0.0,0.0,0.0,0.0,0.0,1.0,1.0,0.0,0.0,0.0,0.0,9.0,9.0,0.0,0.0,0.0
Liechtenstein,47166,9.555373,0.0,0.0,0.0,0.0,0.0,0.0,0.0,0.0,0.0,0.0,0.0,0.0,1.0,2.0,1.0,0.0,0.0,0.0,1.0,1.0,0.0,1.0,1.0,0.0,0.0,0.0,0.0,0.0,0.0,0.0,0.0,0.0,0.0,0.0,0.0,0.0,0.0,0.0,0.0,0.0,0.0,0.0,0.0,0.0,0.0,0.0,0.0,0.0
Macedonia,41.608635,21.745275,2.0,2.0,1.0,1.0,6.0,6.0,2.0,2.0,1.0,1.0,1.0,2.0,3.0,2.0,2.0,1.0,1.0,2.0,2.0,1.0,2.0,1.0,0.0,0.0,0.0,0.0,0.0,0.0,0.0,1.0,1.0,0.0,0.0,0.0,0.0,0.0,0.0,0.0,1.0,0.0,0.0,0.0,0.0,1.0,1.0,0.0,0.0,0.0
Moldavia,47.411631,28.369885,2.0,3.0,2.0,4.0,9.0,12.0,28.0,33.0,14.0,6.0,9.0,10.0,11.0,11.0,14.0,12.0,7.0,7.0,5.0,2.0,2.0,1.0,1.0,1.0,3.0,2.0,1.0,3.0,3.0,1.0,1.0,1.0,2.0,2.0,0.0,0.0,4.0,4.0,1.0,1.0,1.0,3.0,3.0,0.0,0.0,0.0,0.0,0.0
Mónaco,43.73841760000001,7.424615799999999,0.0,0.0,0.0,0.0,0.0,0.0,0.0,0.0,0.0,0.0,0.0,0.0,0.0,0.0,0.0,0.0,0.0,0.0,0.0,0.0,0.0,0.0,0.0,0.0,0.0,0.0,0.0,0.0,0.0,0.0,0.0,0.0,0.0,0.0,0.0,0.0,0.0,0.0,0.0,0.0,0.0,0.0,0.0,0.0,0.0,0.0,0.0,0.0
Montenegro,42.708678,19.37439,0.0,0.0,0.0,0.0,0.0,0.0,0.0,0.0,0.0,0.0,0.0,0.0,0.0,0.0,0.0,0.0,0.0,0.0,0.0,0.0,0.0,0.0,0.0,0.0,0.0,0.0,0.0,0.0,0.0,0.0,0.0,0.0,0.0,0.0,0.0,0.0,0.0,0.0,0.0,0.0,0.0,0.0,0.0,0.0,0.0,0.0,0.0,0.0
Noruega,60.47202399999999,8.468945999999999,6.0,5.0,4.0,6.0,4.0,7.0,6.0,6.0,8.0,10.0,22.0,19.0,9.0,8.0,8.0,7.0,4.0,11.0,11.0,7.0,12.0,9.0,5.0,5.0,7.0,7.0,5.0,8.0,8.0,4.0,2.0,2.0,4.0,4.0,1.0,2.0,2.0,1.0,1.0,2.0,1.0,0.0,1.0,1.0,2.0,1.0,1.0,1.0
Rusia,61.52401,105.318756,16.0,16.0,21.0,49.0,55.0,63.0,79.0,87.0,85.0,62.0,57.0,87.0,97.0,85.0,93.0,92.0,80.0,67.0,44.0,33.0,32.0,46.0,55.0,37.0,20.0,29.0,35.0,29.0,37.0,62.0,45.0,22.0,51.0,42.0,24.0,36.0,34.0,37.0,24.0,21.0,23.0,8.0,11.0,27.0,26.0,18.0,12.0,2.0
San Marino,43.94236,12.457777,0.0,0.0,0.0,0.0,0.0,0.0,0.0,0.0,0.0,0.0,0.0,0.0,0.0,0.0,0.0,0.0,0.0,0.0,0.0,0.0,0.0,0.0,0.0,0.0,0.0,0.0,0.0,0.0,0.0,0.0,0.0,0.0,0.0,0.0,0.0,0.0,0.0,0.0,0.0,0.0,0.0,0.0,0.0,0.0,0.0,0.0,0.0,0.0
Santa Sede,8.409275899999999,-76.11314949999999,0.0,0.0,0.0,0.0,0.0,0.0,0.0,0.0,0.0,0.0,0.0,0.0,0.0,0.0,0.0,0.0,0.0,0.0,0.0,0.0,0.0,0.0,0.0,0.0,0.0,0.0,0.0,0.0,0.0,0.0,0.0,0.0,0.0,0.0,0.0,0.0,0.0,0.0,0.0,0.0,0.0,0.0,0.0,0.0,0.0,0.0,0.0,0.0
Serbia,44.016521,21.005859,0.0,4.0,4.0,0.0,0.0,0.0,1.0,1.0,4.0,3.0,1.0,1.0,1.0,1.0,3.0,4.0,2.0,1.0,0.0,0.0,0.0,0.0,0.0,3.0,3.0,1.0,1.0,0.0,1.0,1.0,0.0,0.0,0.0,0.0,0.0,0.0,0.0,0.0,0.0,0.0,0.0,0.0,0.0,0.0,0.0,0.0,4.0,4.0
Suiza,46.818188,8.227511999999999,33.0,41.0,41.0,38.0,45.0,48.0,41.0,44.0,54.0,76.0,80.0,71.0,82.0,77.0,74.0,87.0,87.0,79.0,68.0,61.0,68.0,65.0,63.0,59.0,53.0,73.0,70.0,41.0,40.0,53.0,56.0,46.0,31.0,34.0,47.0,45.0,25.0,21.0,30.0,29.0,24.0,20.0,16.0,17.0,22.0,20.0,19.0,19.0
Turquía,38.963745,35.243322,0.0,1.0,7.0,7.0,5.0,7.0,14.0,13.0,8.0,9.0,11.0,8.0,1.0,3.0,3.0,1.0,2.0,7.0,6.0,0.0,1.0,3.0,3.0,3.0,3.0,2.0,5.0,8.0,3.0,0.0,0.0,0.0,0.0,0.0,2.0,2.0,1.0,1.0,2.0,2.0,2.0,1.0,0.0,0.0,0.0,0.0,0.0,0.0
Ucrania,48.379433,31.16558,33.0,32.0,29.0,24.0,23.0,38.0,49.0,56.0,64.0,69.0,67.0,66.0,68.0,74.0,63.0,42.0,44.0,48.0,63.0,68.0,47.0,32.0,28.0,39.0,47.0,58.0,43.0,16.0,33.0,49.0,47.0,39.0,38.0,37.0,38.0,34.0,31.0,28.0,25.0,38.0,37.0,32.0,30.0,15.0,16.0,20.0,8.0,5.0
Países de Europa sin relaciones diplomáticas,,,0.0,0.0,0.0,0.0,0.0,0.0,0.0,0.0,0.0,0.0,0.0,0.0,0.0,0.0,0.0,0.0,0.0,0.0,0.0,0.0,0.0,0.0,0.0,0.0,0.0,0.0,0.0,0.0,0.0,0.0,0.0,0.0,0.0,0.0,0.0,0.0,0.0,0.0,0.0,0.0,0.0,0.0,0.0,0.0,0.0,0.0,0.0,0.0
TOTAL ÁFRICA, , ,224.0,305.0,350.0,427.0,522.0,567.0,609.0,622.0,683.0,708.0,711.0,738.0,712.0,693.0,621.0,566.0,598.0,544.0,484.0,488.0,445.0,406.0,365.0,320.0,294.0,221.0,218.0,210.0,175.0,183.0,174.0,156.0,148.0,159.0,144.0,124.0,142.0,146.0,135.0,131.0,110.0,88.0,107.0,114.0,87.0,75.0,62.0,53.0
Angola,-11.202692,17.873887,0.0,3.0,3.0,0.0,0.0,0.0,0.0,1.0,1.0,0.0,1.0,1.0,1.0,0.0,3.0,3.0,0.0,3.0,3.0,0.0,0.0,0.0,0.0,0.0,4.0,4.0,0.0,0.0,0.0,0.0,0.0,0.0,0.0,0.0,0.0,0.0,0.0,0.0,0.0,0.0,0.0,1.0,1.0,0.0,0.0,0.0,0.0,1.0
Argelia,28.033886,1.659626,5.0,17.0,15.0,12.0,20.0,27.0,45.0,44.0,47.0,44.0,30.0,34.0,25.0,49.0,60.0,41.0,56.0,67.0,36.0,14.0,15.0,16.0,14.0,27.0,46.0,27.0,10.0,9.0,18.0,18.0,8.0,5.0,2.0,13.0,14.0,13.0,24.0,16.0,3.0,6.0,10.0,7.0,8.0,10.0,4.0,1.0,1.0,4.0
Benin,9.30769,2.315834,0.0,0.0,0.0,0.0,0.0,0.0,0.0,0.0,0.0,0.0,0.0,0.0,0.0,0.0,0.0,0.0,0.0,0.0,0.0,0.0,0.0,0.0,0.0,0.0,0.0,0.0,1.0,1.0,0.0,0.0,0.0,0.0,0.0,0.0,0.0,0.0,0.0,0.0,0.0,0.0,0.0,0.0,0.0,0.0,0.0,0.0,0.0,0.0
Botswana,-22.328474,24.684866,0.0,0.0,0.0,0.0,0.0,0.0,0.0,0.0,0.0,0.0,0.0,0.0,0.0,0.0,0.0,0.0,0.0,0.0,0.0,0.0,0.0,0.0,0.0,0.0,0.0,0.0,0.0,0.0,0.0,0.0,0.0,0.0,0.0,0.0,0.0,0.0,0.0,0.0,0.0,0.0,1.0,1.0,0.0,0.0,0.0,0.0,0.0,0.0
Burkina Faso,12.238333,-1.561593,0.0,0.0,0.0,0.0,0.0,0.0,0.0,0.0,0.0,0.0,0.0,0.0,0.0,0.0,0.0,0.0,0.0,0.0,0.0,0.0,1.0,1.0,0.0,0.0,0.0,0.0,0.0,0.0,0.0,0.0,0.0,0.0,0.0,0.0,0.0,0.0,0.0,0.0,0.0,0.0,0.0,0.0,0.0,0.0,0.0,0.0,0.0,0.0
Burundi,-3.373056,29.918886,0.0,0.0,0.0,0.0,0.0,0.0,0.0,0.0,0.0,0.0,0.0,0.0,0.0,0.0,0.0,0.0,0.0,0.0,0.0,0.0,0.0,0.0,0.0,0.0,0.0,0.0,0.0,0.0,0.0,0.0,0.0,0.0,0.0,0.0,0.0,0.0,0.0,0.0,0.0,0.0,0.0,0.0,0.0,0.0,0.0,0.0,0.0,0.0
Cabo Verde,15.1217288,-23.6050817,0.0,0.0,2.0,4.0,2.0,1.0,4.0,3.0,3.0,4.0,3.0,4.0,4.0,3.0,2.0,3.0,3.0,0.0,1.0,2.0,1.0,0.0,0.0,3.0,3.0,0.0,1.0,3.0,2.0,2.0,4.0,2.0,0.0,0.0,0.0,0.0,1.0,1.0,0.0,0.0,0.0,0.0,0.0,0.0,0.0,0.0,0.0,0.0
Camerún,7.369721999999999,12.354722,5.0,5.0,0.0,0.0,5.0,13.0,8.0,0.0,2.0,6.0,8.0,7.0,7.0,14.0,11.0,3.0,6.0,5.0,5.0,4.0,0.0,1.0,3.0,2.0,0.0,1.0,5.0,4.0,0.0,0.0,1.0,5.0,4.0,0.0,0.0,4.0,4.0,0.0,0.0,0.0,1.0,1.0,0.0,2.0,2.0,0.0,0.0,0.0
Chad,15.454166,18.732207,0.0,0.0,0.0,0.0,0.0,0.0,0.0,0.0,0.0,0.0,0.0,0.0,0.0,0.0,0.0,0.0,0.0,0.0,0.0,0.0,0.0,0.0,0.0,0.0,0.0,0.0,0.0,0.0,0.0,1.0,1.0,0.0,0.0,0.0,0.0,0.0,0.0,0.0,0.0,0.0,0.0,0.0,0.0,0.0,0.0,0.0,0.0,0.0
Comores,-11.6455,43.3333,0.0,0.0,0.0,0.0,0.0,0.0,0.0,0.0,0.0,0.0,0.0,0.0,0.0,0.0,0.0,0.0,0.0,0.0,0.0,0.0,0.0,0.0,0.0,0.0,0.0,0.0,0.0,0.0,0.0,0.0,0.0,0.0,0.0,0.0,0.0,0.0,0.0,0.0,0.0,0.0,0.0,0.0,0.0,0.0,0.0,0.0,0.0,0.0
Congo,-0.228021,15.827659,0.0,0.0,0.0,0.0,0.0,0.0,0.0,0.0,0.0,0.0,0.0,0.0,0.0,0.0,0.0,1.0,1.0,0.0,1.0,1.0,0.0,2.0,2.0,0.0,0.0,0.0,0.0,0.0,0.0,0.0,0.0,0.0,0.0,0.0,0.0,0.0,0.0,0.0,0.0,0.0,0.0,0.0,0.0,0.0,0.0,0.0,0.0,0.0
Costa de Marfil,7.539988999999999,-5.547079999999999,0.0,0.0,0.0,0.0,0.0,0.0,0.0,0.0,0.0,3.0,3.0,0.0,0.0,0.0,1.0,1.0,0.0,1.0,1.0,0.0,0.0,0.0,0.0,1.0,1.0,0.0,2.0,2.0,0.0,0.0,0.0,0.0,0.0,0.0,0.0,0.0,0.0,0.0,0.0,0.0,0.0,0.0,0.0,0.0,0.0,1.0,1.0,0.0
Djibouti,11.825138,42.590275,0.0,0.0,0.0,0.0,0.0,0.0,0.0,0.0,0.0,0.0,0.0,0.0,0.0,0.0,0.0,0.0,0.0,0.0,0.0,0.0,0.0,0.0,0.0,0.0,0.0,0.0,0.0,0.0,0.0,0.0,0.0,0.0,0.0,0.0,0.0,0.0,0.0,0.0,0.0,0.0,0.0,0.0,0.0,0.0,0.0,0.0,0.0,0.0
Egipto,26.820553,30.802498,0.0,0.0,0.0,2.0,2.0,0.0,1.0,1.0,2.0,2.0,1.0,5.0,4.0,9.0,11.0,8.0,8.0,2.0,1.0,1.0,1.0,1.0,1.0,2.0,1.0,1.0,5.0,4.0,0.0,1.0,1.0,2.0,3.0,2.0,5.0,7.0,3.0,0.0,0.0,0.0,0.0,0.0,0.0,4.0,4.0,0.0,0.0,0.0
Eritrea,15.179384,39.782334,0.0,0.0,0.0,0.0,0.0,0.0,0.0,0.0,0.0,0.0,0.0,0.0,0.0,0.0,0.0,0.0,0.0,0.0,1.0,1.0,0.0,0.0,0.0,0.0,0.0,0.0,0.0,0.0,0.0,0.0,0.0,0.0,0.0,0.0,0.0,0.0,0.0,0.0,0.0,0.0,0.0,0.0,0.0,0.0,0.0,0.0,0.0,0.0
Etiopía,9.145000000000001,40.489673,0.0,0.0,0.0,0.0,0.0,0.0,0.0,0.0,0.0,0.0,0.0,0.0,0.0,1.0,1.0,1.0,1.0,0.0,0.0,0.0,1.0,1.0,0.0,0.0,0.0,0.0,0.0,0.0,0.0,0.0,0.0,0.0,0.0,0.0,0.0,0.0,0.0,0.0,0.0,0.0,0.0,0.0,0.0,0.0,0.0,0.0,0.0,0.0
Gabón,-0.803689,11.609444,0.0,0.0,0.0,0.0,0.0,0.0,4.0,4.0,1.0,0.0,0.0,0.0,0.0,0.0,0.0,0.0,0.0,0.0,0.0,0.0,0.0,0.0,0.0,0.0,0.0,0.0,0.0,0.0,0.0,0.0,0.0,0.0,0.0,0.0,0.0,0.0,0.0,0.0,0.0,0.0,0.0,0.0,0.0,0.0,0.0,0.0,0.0,0.0
Gambia,13.443182,-15.310139,4.0,3.0,7.0,7.0,0.0,4.0,6.0,5.0,7.0,5.0,4.0,3.0,5.0,5.0,11.0,14.0,4.0,0.0,4.0,8.0,4.0,0.0,0.0,0.0,0.0,0.0,0.0,9.0,9.0,1.0,1.0,0.0,0.0,5.0,5.0,0.0,0.0,0.0,0.0,0.0,0.0,0.0,0.0,0.0,0.0,0.0,0.0,0.0
Ghana,7.946527,-1.023194,0.0,0.0,0.0,0.0,0.0,0.0,1.0,1.0,0.0,0.0,0.0,0.0,1.0,1.0,0.0,0.0,1.0,1.0,0.0,0.0,1.0,1.0,0.0,0.0,0.0,0.0,0.0,0.0,0.0,0.0,0.0,0.0,0.0,0.0,0.0,1.0,1.0,0.0,0.0,0.0,0.0,0.0,0.0,0.0,1.0,1.0,0.0,1.0
Guinea,9.945587,-9.696645,1.0,4.0,16.0,15.0,10.0,13.0,7.0,4.0,4.0,2.0,6.0,4.0,7.0,7.0,0.0,3.0,3.0,0.0,0.0,3.0,5.0,5.0,9.0,6.0,1.0,1.0,0.0,0.0,0.0,0.0,0.0,0.0,0.0,0.0,0.0,0.0,0.0,0.0,0.0,0.0,0.0,0.0,0.0,0.0,0.0,0.0,0.0,0.0
Guinea Ecuatorial,1.650801,10.267895,29.0,32.0,33.0,43.0,32.0,25.0,35.0,41.0,50.0,51.0,48.0,44.0,51.0,66.0,48.0,34.0,31.0,17.0,23.0,25.0,30.0,26.0,14.0,8.0,6.0,9.0,14.0,16.0,19.0,16.0,11.0,9.0,5.0,17.0,18.0,8.0,9.0,12.0,13.0,13.0,10.0,6.0,8.0,14.0,11.0,6.0,4.0,4.0
Guinea-Bissau,11.803749,-15.180413,0.0,0.0,0.0,0.0,0.0,0.0,0.0,0.0,0.0,0.0,1.0,1.0,0.0,0.0,1.0,1.0,0.0,0.0,0.0,0.0,0.0,0.0,0.0,0.0,0.0,0.0,0.0,0.0,0.0,0.0,0.0,0.0,0.0,0.0,0.0,0.0,1.0,1.0,0.0,0.0,0.0,0.0,0.0,0.0,0.0,0.0,0.0,0.0
Kenia,-0.023559,37.906193,0.0,0.0,1.0,9.0,8.0,1.0,1.0,0.0,1.0,2.0,1.0,1.0,1.0,1.0,3.0,4.0,3.0,2.0,1.0,2.0,1.0,0.0,0.0,0.0,2.0,2.0,0.0,0.0,0.0,0.0,0.0,2.0,3.0,0.0,0.0,0.0,1.0,1.0,0.0,0.0,0.0,0.0,0.0,0.0,0.0,0.0,0.0,2.0
Lesotho,-29.609988,28.233608,0.0,0.0,0.0,0.0,0.0,0.0,0.0,0.0,0.0,0.0,0.0,0.0,0.0,0.0,0.0,0.0,0.0,0.0,0.0,0.0,0.0,0.0,0.0,0.0,0.0,0.0,0.0,0.0,0.0,0.0,0.0,0.0,0.0,0.0,0.0,0.0,0.0,0.0,0.0,0.0,0.0,0.0,0.0,0.0,0.0,0.0,0.0,0.0
Liberia,6.428055,-9.429499000000002,0.0,0.0,0.0,0.0,0.0,0.0,0.0,0.0,0.0,0.0,0.0,0.0,0.0,0.0,0.0,0.0,0.0,0.0,0.0,0.0,0.0,0.0,0.0,0.0,0.0,0.0,0.0,0.0,0.0,0.0,0.0,0.0,0.0,0.0,0.0,0.0,0.0,0.0,0.0,0.0,0.0,0.0,0.0,0.0,0.0,0.0,0.0,0.0
Libia,26.3351,17.228331,0.0,0.0,0.0,0.0,0.0,0.0,0.0,0.0,0.0,0.0,0.0,0.0,0.0,0.0,0.0,0.0,0.0,0.0,0.0,0.0,0.0,0.0,0.0,0.0,0.0,0.0,0.0,0.0,0.0,0.0,0.0,0.0,0.0,0.0,0.0,0.0,0.0,0.0,0.0,0.0,0.0,0.0,0.0,0.0,0.0,0.0,0.0,0.0
Madagascar,-18.766947,46.869107,0.0,0.0,0.0,0.0,0.0,0.0,0.0,0.0,0.0,0.0,0.0,0.0,0.0,1.0,1.0,0.0,0.0,0.0,0.0,0.0,0.0,0.0,0.0,0.0,0.0,0.0,0.0,0.0,0.0,0.0,0.0,0.0,0.0,0.0,0.0,0.0,0.0,0.0,0.0,0.0,0.0,0.0,0.0,0.0,0.0,0.0,0.0,0.0
Malawi,-13.254308,34.301525,0.0,0.0,0.0,0.0,0.0,0.0,0.0,0.0,0.0,0.0,0.0,0.0,0.0,0.0,1.0,1.0,0.0,0.0,0.0,1.0,1.0,0.0,0.0,0.0,0.0,0.0,0.0,0.0,0.0,0.0,0.0,0.0,0.0,0.0,0.0,0.0,0.0,0.0,0.0,0.0,0.0,0.0,0.0,0.0,0.0,0.0,0.0,0.0
Malí,17.570692,-3.996166,0.0,2.0,2.0,0.0,0.0,0.0,0.0,0.0,0.0,0.0,0.0,1.0,1.0,0.0,1.0,1.0,0.0,1.0,1.0,1.0,2.0,1.0,0.0,0.0,0.0,0.0,0.0,0.0,0.0,0.0,0.0,2.0,2.0,0.0,0.0,0.0,0.0,0.0,0.0,0.0,0.0,0.0,0.0,0.0,0.0,0.0,0.0,0.0
Marruecos,31.791702,-7.092619999999999,164.0,231.0,255.0,305.0,406.0,435.0,450.0,463.0,476.0,496.0,506.0,536.0,477.0,393.0,392.0,397.0,418.0,385.0,354.0,380.0,344.0,311.0,282.0,241.0,213.0,164.0,170.0,151.0,116.0,128.0,133.0,116.0,121.0,112.0,94.0,89.0,89.0,102.0,113.0,108.0,84.0,70.0,86.0,83.0,64.0,63.0,54.0,41.0
Mauricio,-20.348404,57.55215200000001,0.0,0.0,0.0,0.0,0.0,0.0,0.0,0.0,0.0,0.0,0.0,0.0,0.0,0.0,0.0,0.0,0.0,0.0,0.0,0.0,0.0,0.0,0.0,0.0,0.0,0.0,0.0,0.0,0.0,0.0,0.0,0.0,0.0,0.0,0.0,0.0,0.0,0.0,0.0,0.0,0.0,0.0,0.0,0.0,0.0,0.0,0.0,0.0
Mauritania,21.00789,-10.940835,0.0,2.0,2.0,1.0,4.0,3.0,4.0,4.0,6.0,7.0,3.0,3.0,6.0,8.0,5.0,2.0,12.0,16.0,7.0,4.0,6.0,5.0,1.0,2.0,6.0,4.0,0.0,0.0,1.0,3.0,9.0,7.0,1.0,4.0,4.0,0.0,3.0,6.0,2.0,2.0,2.0,1.0,1.0,0.0,0.0,0.0,0.0,0.0
Mozambique,-18.665695,35.529562,0.0,0.0,0.0,0.0,0.0,0.0,0.0,0.0,1.0,2.0,3.0,2.0,2.0,3.0,2.0,2.0,3.0,4.0,3.0,1.0,0.0,1.0,1.0,2.0,2.0,0.0,1.0,1.0,3.0,3.0,0.0,0.0,0.0,0.0,0.0,0.0,0.0,0.0,0.0,0.0,0.0,0.0,0.0,0.0,0.0,0.0,0.0,0.0
Namibia,-22.95764,18.49041,0.0,0.0,0.0,0.0,0.0,0.0,0.0,0.0,0.0,0.0,1.0,1.0,0.0,0.0,0.0,0.0,0.0,1.0,2.0,1.0,0.0,0.0,1.0,1.0,0.0,0.0,0.0,0.0,0.0,0.0,0.0,0.0,0.0,0.0,0.0,0.0,0.0,0.0,0.0,0.0,0.0,0.0,0.0,0.0,0.0,0.0,0.0,0.0
Níger,17.607789,8.081666,0.0,0.0,0.0,0.0,0.0,0.0,0.0,0.0,0.0,0.0,0.0,0.0,0.0,1.0,1.0,0.0,0.0,0.0,0.0,0.0,0.0,0.0,0.0,0.0,1.0,1.0,0.0,0.0,0.0,0.0,0.0,0.0,0.0,0.0,0.0,0.0,0.0,0.0,0.0,0.0,0.0,0.0,0.0,0.0,0.0,0.0,0.0,0.0
Nigeria,9.081999,8.675277,10.0,3.0,12.0,15.0,14.0,34.0,32.0,40.0,70.0,72.0,68.0,67.0,86.0,86.0,48.0,36.0,23.0,18.0,25.0,20.0,13.0,6.0,19.0,16.0,1.0,1.0,4.0,6.0,5.0,6.0,4.0,1.0,1.0,1.0,1.0,0.0,3.0,3.0,0.0,0.0,1.0,0.0,0.0,0.0,0.0,0.0,0.0,0.0
Rep.Democrática del Congo,,,0.0,0.0,0.0,0.0,0.0,0.0,0.0,0.0,0.0,0.0,0.0,0.0,0.0,0.0,0.0,1.0,1.0,1.0,1.0,0.0,1.0,3.0,2.0,0.0,0.0,0.0,0.0,0.0,0.0,0.0,0.0,0.0,0.0,0.0,0.0,0.0,0.0,0.0,0.0,0.0,0.0,0.0,0.0,0.0,0.0,0.0,0.0,0.0
República Centroafricana,6.611110999999999,20.939444,0.0,0.0,0.0,0.0,0.0,0.0,0.0,0.0,0.0,0.0,0.0,0.0,0.0,0.0,0.0,0.0,0.0,0.0,0.0,0.0,0.0,0.0,0.0,0.0,0.0,0.0,0.0,0.0,0.0,0.0,0.0,0.0,0.0,0.0,0.0,0.0,0.0,0.0,0.0,0.0,0.0,0.0,0.0,0.0,0.0,0.0,0.0,0.0
Ruanda,-1.940278,29.873888,0.0,0.0,0.0,0.0,0.0,0.0,0.0,0.0,0.0,0.0,0.0,0.0,0.0,0.0,0.0,0.0,0.0,0.0,0.0,0.0,0.0,0.0,0.0,0.0,0.0,0.0,0.0,0.0,0.0,0.0,0.0,0.0,0.0,0.0,0.0,0.0,0.0,0.0,0.0,0.0,0.0,0.0,0.0,0.0,0.0,0.0,0.0,0.0
Santo Tomé y Príncipe,0.18636,6.613080999999999,0.0,0.0,0.0,0.0,0.0,0.0,0.0,0.0,0.0,0.0,0.0,0.0,0.0,0.0,0.0,0.0,0.0,0.0,0.0,0.0,0.0,0.0,0.0,0.0,0.0,0.0,0.0,0.0,0.0,0.0,0.0,0.0,0.0,0.0,0.0,0.0,0.0,0.0,0.0,0.0,0.0,0.0,0.0,0.0,0.0,0.0,0.0,0.0
Senegal,14.497401,-14.452362,4.0,0.0,0.0,13.0,16.0,9.0,10.0,8.0,9.0,8.0,12.0,13.0,28.0,35.0,11.0,6.0,20.0,15.0,8.0,12.0,6.0,13.0,11.0,2.0,2.0,1.0,1.0,1.0,0.0,0.0,1.0,2.0,2.0,1.0,2.0,1.0,0.0,1.0,1.0,1.0,1.0,0.0,0.0,0.0,0.0,1.0,1.0,0.0
Seychelles,-4.679574,55.491977,0.0,0.0,0.0,0.0,0.0,0.0,0.0,0.0,0.0,0.0,0.0,0.0,0.0,0.0,0.0,0.0,0.0,0.0,0.0,0.0,0.0,0.0,0.0,0.0,0.0,0.0,0.0,0.0,0.0,0.0,0.0,0.0,0.0,0.0,0.0,0.0,0.0,0.0,0.0,0.0,0.0,0.0,0.0,0.0,0.0,0.0,0.0,0.0
Sierra Leona,8.460555,-11.779889,0.0,0.0,0.0,0.0,0.0,0.0,0.0,0.0,0.0,0.0,0.0,0.0,0.0,0.0,0.0,0.0,0.0,0.0,0.0,0.0,0.0,0.0,0.0,0.0,0.0,0.0,0.0,0.0,0.0,0.0,0.0,0.0,0.0,0.0,0.0,0.0,0.0,0.0,0.0,0.0,0.0,0.0,0.0,0.0,0.0,0.0,0.0,0.0
Somalia,5.152149,46.199616,0.0,0.0,0.0,0.0,0.0,0.0,0.0,0.0,0.0,0.0,0.0,0.0,0.0,0.0,0.0,0.0,0.0,0.0,0.0,0.0,0.0,0.0,0.0,0.0,0.0,0.0,0.0,0.0,0.0,0.0,0.0,0.0,0.0,0.0,0.0,0.0,0.0,0.0,0.0,0.0,0.0,0.0,0.0,0.0,0.0,0.0,0.0,0.0
Sudáfrica,-30.559482,22.937506,1.0,1.0,0.0,1.0,1.0,2.0,3.0,3.0,2.0,4.0,5.0,3.0,5.0,8.0,6.0,2.0,3.0,3.0,5.0,6.0,7.0,7.0,4.0,4.0,3.0,3.0,3.0,2.0,1.0,0.0,1.0,1.0,1.0,0.0,0.0,0.0,1.0,3.0,2.0,0.0,0.0,0.0,0.0,0.0,0.0,0.0,0.0,0.0
Sudán,12.862807,30.217636,0.0,0.0,0.0,0.0,0.0,0.0,0.0,0.0,0.0,0.0,0.0,0.0,0.0,1.0,1.0,0.0,1.0,1.0,0.0,1.0,1.0,0.0,0.0,0.0,0.0,0.0,0.0,0.0,0.0,0.0,0.0,0.0,0.0,0.0,0.0,0.0,0.0,0.0,0.0,0.0,0.0,0.0,0.0,0.0,0.0,0.0,0.0,0.0
Swazilandia,-26.522503,31.465866,0.0,0.0,0.0,0.0,0.0,0.0,0.0,0.0,0.0,0.0,0.0,0.0,0.0,0.0,0.0,1.0,1.0,0.0,0.0,0.0,1.0,1.0,0.0,0.0,0.0,0.0,0.0,0.0,0.0,0.0,0.0,0.0,0.0,0.0,0.0,0.0,0.0,0.0,0.0,0.0,0.0,0.0,0.0,0.0,0.0,0.0,0.0,0.0
Tanzania,-6.369028,34.888822,0.0,0.0,0.0,0.0,0.0,0.0,0.0,0.0,0.0,0.0,1.0,1.0,1.0,1.0,0.0,0.0,0.0,0.0,0.0,0.0,1.0,1.0,0.0,0.0,0.0,1.0,1.0,0.0,0.0,0.0,0.0,1.0,1.0,0.0,0.0,0.0,0.0,0.0,0.0,0.0,0.0,0.0,0.0,0.0,0.0,0.0,0.0,0.0
Togo,8.619543,0.824782,0.0,0.0,0.0,0.0,0.0,0.0,0.0,0.0,0.0,0.0,0.0,0.0,0.0,0.0,0.0,0.0,0.0,0.0,0.0,0.0,0.0,0.0,0.0,0.0,0.0,0.0,0.0,0.0,0.0,0.0,0.0,0.0,0.0,0.0,0.0,0.0,0.0,0.0,0.0,0.0,0.0,0.0,0.0,0.0,0.0,0.0,0.0,0.0
Túnez,33.886917,9.537499,0.0,0.0,0.0,0.0,0.0,0.0,0.0,0.0,1.0,1.0,5.0,5.0,0.0,0.0,0.0,1.0,1.0,0.0,1.0,1.0,1.0,1.0,0.0,1.0,1.0,1.0,0.0,0.0,1.0,1.0,0.0,0.0,1.0,1.0,0.0,0.0,0.0,0.0,0.0,0.0,0.0,0.0,1.0,1.0,0.0,0.0,0.0,0.0
Uganda,1.373333,32.290275,0.0,0.0,0.0,0.0,0.0,0.0,0.0,0.0,0.0,1.0,1.0,0.0,0.0,0.0,0.0,0.0,0.0,0.0,0.0,0.0,0.0,1.0,2.0,1.0,0.0,0.0,0.0,0.0,1.0,1.0,0.0,1.0,1.0,1.0,0.0,0.0,0.0,0.0,0.0,0.0,0.0,0.0,0.0,0.0,0.0,0.0,0.0,0.0
Zambia,-13.133897,27.849332,0.0,0.0,0.0,0.0,0.0,0.0,0.0,0.0,0.0,0.0,0.0,0.0,0.0,0.0,0.0,0.0,0.0,0.0,0.0,0.0,0.0,0.0,0.0,0.0,0.0,0.0,0.0,0.0,0.0,0.0,0.0,0.0,0.0,0.0,0.0,0.0,0.0,0.0,0.0,0.0,0.0,0.0,0.0,0.0,0.0,0.0,0.0,0.0
Zimbabwe,-19.015438,29.154857,0.0,0.0,0.0,0.0,0.0,0.0,0.0,0.0,0.0,0.0,0.0,0.0,0.0,0.0,0.0,0.0,0.0,0.0,0.0,0.0,0.0,0.0,0.0,0.0,0.0,0.0,0.0,0.0,0.0,0.0,0.0,0.0,0.0,0.0,0.0,0.0,0.0,0.0,0.0,0.0,0.0,0.0,0.0,0.0,0.0,0.0,0.0,0.0
Países de África sin relaciones diplomáticas,,,0.0,0.0,0.0,0.0,0.0,0.0,0.0,0.0,0.0,0.0,0.0,0.0,0.0,0.0,0.0,0.0,0.0,0.0,0.0,0.0,0.0,0.0,0.0,0.0,0.0,0.0,0.0,0.0,0.0,0.0,0.0,0.0,0.0,0.0,0.0,0.0,0.0,0.0,0.0,0.0,0.0,0.0,0.0,0.0,0.0,0.0,0.0,0.0
TOTAL AMÉRICA DEL NORTE, , ,79.0,79.0,98.0,101.0,109.0,140.0,178.0,214.0,240.0,239.0,243.0,242.0,214.0,252.0,294.0,258.0,230.0,227.0,198.0,183.0,186.0,167.0,147.0,136.0,120.0,114.0,119.0,120.0,84.0,64.0,68.0,59.0,65.0,60.0,53.0,49.0,51.0,47.0,44.0,44.0,43.0,44.0,37.0,32.0,31.0,27.0,26.0,36.0
Canadá,56.130366,-106.346771,8.0,10.0,6.0,5.0,9.0,11.0,12.0,10.0,8.0,13.0,13.0,12.0,17.0,24.0,19.0,17.0,19.0,16.0,16.0,14.0,15.0,16.0,13.0,8.0,7.0,6.0,2.0,4.0,4.0,4.0,7.0,4.0,3.0,3.0,1.0,3.0,6.0,6.0,4.0,3.0,2.0,1.0,1.0,3.0,3.0,1.0,2.0,2.0
EEUU,37.09024,-95.712891,57.0,53.0,74.0,73.0,70.0,92.0,121.0,143.0,138.0,112.0,116.0,137.0,133.0,153.0,184.0,177.0,165.0,148.0,119.0,124.0,129.0,118.0,113.0,100.0,86.0,92.0,99.0,96.0,64.0,48.0,47.0,39.0,35.0,32.0,38.0,33.0,27.0,24.0,33.0,30.0,26.0,29.0,22.0,17.0,20.0,19.0,17.0,24.0
México,23.634501,-102.552784,14.0,15.0,17.0,23.0,30.0,36.0,45.0,61.0,94.0,115.0,114.0,93.0,64.0,75.0,91.0,64.0,46.0,64.0,62.0,44.0,41.0,33.0,22.0,28.0,26.0,17.0,19.0,20.0,16.0,12.0,15.0,16.0,27.0,25.0,13.0,14.0,18.0,16.0,8.0,11.0,15.0,14.0,14.0,11.0,8.0,7.0,7.0,10.0
TOTAL CENTROAMÉRICA Y CARIBE,,,109.0,123.0,140.0,167.0,184.0,195.0,237.0,270.0,314.0,367.0,384.0,353.0,334.0,339.0,299.0,301.0,313.0,277.0,244.0,253.0,261.0,218.0,176.0,158.0,166.0,147.0,145.0,166.0,130.0,114.0,106.0,75.0,96.0,98.0,74.0,78.0,64.0,48.0,47.0,60.0,68.0,52.0,43.0,43.0,45.0,42.0,42.0,49.0
Antigua y Barbuda,17.060816,-61.796428,0.0,0.0,0.0,0.0,0.0,0.0,0.0,0.0,0.0,0.0,0.0,0.0,0.0,0.0,0.0,0.0,0.0,0.0,0.0,0.0,0.0,0.0,0.0,0.0,0.0,0.0,0.0,0.0,0.0,0.0,0.0,0.0,0.0,0.0,0.0,0.0,0.0,0.0,0.0,0.0,0.0,0.0,0.0,0.0,0.0,0.0,0.0,0.0
Bahamas,25.03428,-77.39627999999999,0.0,0.0,0.0,0.0,0.0,0.0,0.0,0.0,0.0,0.0,0.0,0.0,0.0,0.0,0.0,1.0,1.0,0.0,0.0,0.0,0.0,0.0,0.0,0.0,0.0,0.0,0.0,0.0,0.0,0.0,0.0,0.0,0.0,0.0,0.0,0.0,0.0,0.0,0.0,0.0,0.0,0.0,0.0,0.0,0.0,0.0,0.0,0.0
Barbados,13.193887,-59.543198,0.0,0.0,0.0,0.0,0.0,0.0,0.0,1.0,1.0,0.0,0.0,0.0,0.0,0.0,0.0,0.0,0.0,0.0,0.0,0.0,0.0,0.0,0.0,0.0,0.0,0.0,0.0,0.0,0.0,0.0,0.0,0.0,0.0,0.0,0.0,0.0,0.0,0.0,0.0,0.0,0.0,0.0,0.0,0.0,0.0,0.0,0.0,0.0
Belice,17.189877,-88.49765,0.0,0.0,0.0,0.0,0.0,0.0,0.0,0.0,0.0,0.0,0.0,0.0,0.0,0.0,0.0,0.0,0.0,0.0,0.0,0.0,0.0,0.0,0.0,0.0,0.0,0.0,0.0,0.0,0.0,0.0,0.0,0.0,0.0,0.0,0.0,0.0,0.0,0.0,0.0,0.0,0.0,0.0,0.0,0.0,0.0,0.0,0.0,0.0
Costa Rica,9.748916999999999,-83.753428,4.0,4.0,1.0,5.0,5.0,3.0,3.0,5.0,5.0,5.0,9.0,9.0,7.0,5.0,3.0,8.0,11.0,5.0,2.0,2.0,1.0,3.0,3.0,1.0,4.0,3.0,1.0,2.0,2.0,0.0,2.0,2.0,0.0,0.0,4.0,5.0,1.0,0.0,0.0,0.0,0.0,1.0,1.0,0.0,0.0,0.0,0.0,0.0
Cuba,21.521757,-77.781167,11.0,12.0,24.0,27.0,22.0,23.0,21.0,22.0,29.0,37.0,45.0,36.0,28.0,33.0,18.0,23.0,49.0,44.0,29.0,33.0,32.0,22.0,19.0,20.0,25.0,21.0,16.0,33.0,31.0,15.0,17.0,15.0,23.0,27.0,21.0,16.0,11.0,16.0,21.0,22.0,20.0,12.0,13.0,12.0,12.0,21.0,27.0,28.0
Dominica,15.414999,-61.37097600000001,0.0,0.0,0.0,0.0,0.0,0.0,0.0,0.0,0.0,0.0,0.0,0.0,0.0,0.0,0.0,0.0,0.0,0.0,0.0,0.0,0.0,0.0,0.0,0.0,0.0,0.0,0.0,0.0,0.0,0.0,0.0,0.0,0.0,0.0,0.0,0.0,0.0,0.0,0.0,0.0,0.0,0.0,0.0,0.0,0.0,0.0,0.0,0.0
El Salvador,13.794185,-88.89653,4.0,0.0,1.0,1.0,11.0,12.0,5.0,7.0,15.0,23.0,18.0,16.0,17.0,16.0,13.0,14.0,19.0,14.0,12.0,11.0,9.0,10.0,7.0,3.0,7.0,10.0,5.0,1.0,1.0,4.0,3.0,0.0,3.0,6.0,4.0,1.0,3.0,3.0,1.0,0.0,1.0,1.0,0.0,1.0,1.0,1.0,3.0,5.0
Granada,37.1773363,-3.5985571,0.0,0.0,0.0,0.0,0.0,0.0,0.0,0.0,0.0,0.0,0.0,0.0,0.0,0.0,0.0,0.0,0.0,0.0,0.0,0.0,0.0,0.0,0.0,0.0,0.0,0.0,0.0,0.0,0.0,0.0,0.0,0.0,0.0,0.0,0.0,0.0,0.0,0.0,0.0,0.0,0.0,0.0,0.0,0.0,0.0,0.0,0.0,0.0
Guatemala,15.783471,-90.23075899999999,0.0,3.0,5.0,3.0,4.0,6.0,8.0,11.0,12.0,11.0,6.0,3.0,9.0,13.0,8.0,3.0,3.0,4.0,6.0,8.0,5.0,4.0,4.0,5.0,5.0,4.0,3.0,1.0,0.0,2.0,2.0,1.0,1.0,1.0,1.0,0.0,1.0,1.0,0.0,0.0,4.0,4.0,1.0,0.0,0.0,0.0,0.0,1.0
Haití,18.971187,-72.285215,0.0,0.0,0.0,0.0,0.0,0.0,0.0,0.0,0.0,0.0,0.0,1.0,1.0,0.0,0.0,0.0,0.0,0.0,0.0,1.0,1.0,0.0,0.0,1.0,2.0,1.0,0.0,0.0,0.0,0.0,0.0,0.0,0.0,0.0,0.0,0.0,0.0,0.0,0.0,0.0,0.0,0.0,0.0,0.0,0.0,0.0,0.0,0.0
Honduras,15.199999,-86.241905,14.0,26.0,32.0,41.0,43.0,58.0,86.0,90.0,102.0,97.0,109.0,101.0,78.0,96.0,91.0,68.0,52.0,76.0,76.0,73.0,75.0,62.0,52.0,46.0,47.0,33.0,47.0,49.0,28.0,34.0,29.0,15.0,31.0,27.0,11.0,17.0,13.0,6.0,5.0,12.0,25.0,22.0,10.0,8.0,12.0,7.0,1.0,1.0
Jamaica,18.109581,-77.297508,0.0,0.0,0.0,0.0,0.0,0.0,0.0,0.0,0.0,0.0,0.0,0.0,1.0,1.0,0.0,0.0,0.0,0.0,0.0,0.0,0.0,0.0,0.0,0.0,0.0,0.0,0.0,0.0,0.0,0.0,0.0,0.0,0.0,0.0,0.0,0.0,0.0,0.0,0.0,0.0,0.0,0.0,0.0,0.0,0.0,0.0,0.0,0.0
Nicaragua,12.865416,-85.207229,3.0,19.0,16.0,11.0,23.0,23.0,32.0,49.0,35.0,37.0,65.0,96.0,92.0,47.0,70.0,80.0,60.0,42.0,23.0,29.0,34.0,26.0,13.0,14.0,21.0,18.0,13.0,25.0,29.0,17.0,14.0,10.0,8.0,9.0,12.0,19.0,13.0,4.0,1.0,3.0,3.0,0.0,3.0,7.0,5.0,0.0,0.0,0.0
Panamá,8.537981,-80.782127,6.0,1.0,0.0,0.0,0.0,1.0,9.0,13.0,13.0,14.0,11.0,10.0,7.0,7.0,11.0,14.0,13.0,13.0,11.0,8.0,13.0,11.0,5.0,7.0,7.0,4.0,3.0,1.0,2.0,1.0,4.0,3.0,1.0,1.0,3.0,7.0,6.0,3.0,5.0,5.0,1.0,1.0,0.0,0.0,1.0,1.0,1.0,2.0
República Dominicana,18.735693,-70.162651,66.0,57.0,61.0,77.0,73.0,67.0,70.0,66.0,98.0,139.0,118.0,77.0,88.0,117.0,84.0,88.0,102.0,77.0,81.0,84.0,88.0,76.0,71.0,59.0,44.0,49.0,55.0,47.0,31.0,37.0,31.0,26.0,27.0,23.0,16.0,12.0,16.0,12.0,12.0,16.0,13.0,10.0,14.0,13.0,13.0,12.0,9.0,11.0
San Cristóbal y Nieves,17.357822,-62.782998,0.0,1.0,1.0,2.0,3.0,2.0,3.0,5.0,4.0,4.0,3.0,3.0,4.0,2.0,2.0,4.0,2.0,1.0,3.0,3.0,3.0,3.0,2.0,1.0,2.0,2.0,2.0,5.0,5.0,2.0,2.0,2.0,1.0,1.0,1.0,0.0,0.0,1.0,1.0,0.0,0.0,0.0,0.0,0.0,0.0,0.0,0.0,0.0
San Vicente y las Granadinas,13.2533835,-61.196251,0.0,0.0,0.0,0.0,0.0,0.0,0.0,0.0,0.0,0.0,0.0,0.0,0.0,0.0,0.0,0.0,0.0,0.0,0.0,0.0,0.0,0.0,0.0,0.0,1.0,1.0,0.0,0.0,0.0,0.0,0.0,0.0,0.0,0.0,0.0,0.0,0.0,0.0,0.0,0.0,0.0,0.0,0.0,0.0,0.0,0.0,0.0,0.0
Santa Lucía,13.909444,-60.978893,0.0,0.0,0.0,0.0,0.0,0.0,0.0,0.0,0.0,0.0,0.0,0.0,0.0,0.0,0.0,0.0,0.0,0.0,0.0,0.0,0.0,0.0,0.0,0.0,0.0,0.0,0.0,0.0,0.0,0.0,0.0,0.0,0.0,0.0,0.0,0.0,0.0,0.0,0.0,0.0,0.0,0.0,0.0,0.0,0.0,0.0,0.0,0.0
Trinidad y Tobago,10.691803,-61.222503,0.0,0.0,0.0,0.0,0.0,0.0,0.0,0.0,0.0,0.0,0.0,0.0,1.0,1.0,0.0,0.0,0.0,0.0,0.0,0.0,1.0,1.0,0.0,0.0,0.0,0.0,0.0,0.0,1.0,2.0,1.0,0.0,0.0,0.0,0.0,0.0,0.0,1.0,1.0,0.0,0.0,0.0,0.0,0.0,0.0,0.0,0.0,0.0
Países de América sin relaciones diplomáticas,,,0.0,0.0,0.0,0.0,0.0,0.0,0.0,0.0,0.0,0.0,0.0,0.0,0.0,0.0,0.0,0.0,0.0,1.0,1.0,0.0,0.0,0.0,0.0,1.0,1.0,0.0,0.0,0.0,0.0,1.0,1.0,0.0,0.0,0.0,0.0,0.0,0.0,0.0,0.0,0.0,0.0,0.0,0.0,0.0,0.0,0.0,0.0,0.0
TOTAL SUDAMÉRICA, , ,818.0,956.0,1045.0,1119.0,1283.0,1509.0,1730.0,1881.0,2162.0,2486.0,2649.0,2673.0,2696.0,2640.0,2526.0,2406.0,2193.0,1928.0,1779.0,1659.0,1495.0,1455.0,1362.0,1212.0,1199.0,1114.0,1019.0,1039.0,992.0,842.0,788.0,783.0,662.0,604.0,631.0,595.0,503.0,510.0,490.0,410.0,406.0,405.0,397.0,390.0,362.0,327.0,296.0,312.0
Argentina,-38.416097,-63.61667199999999,67.0,63.0,74.0,87.0,107.0,113.0,135.0,142.0,170.0,214.0,228.0,242.0,260.0,239.0,226.0,259.0,244.0,193.0,186.0,165.0,145.0,153.0,129.0,109.0,122.0,103.0,90.0,96.0,79.0,79.0,80.0,71.0,74.0,64.0,73.0,71.0,48.0,57.0,63.0,62.0,50.0,59.0,72.0,71.0,66.0,60.0,83.0,81.0
Bolivia,-16.290154,-63.58865299999999,74.0,75.0,64.0,105.0,157.0,209.0,306.0,382.0,422.0,459.0,473.0,479.0,483.0,474.0,506.0,464.0,346.0,347.0,380.0,340.0,295.0,263.0,226.0,205.0,192.0,190.0,180.0,175.0,178.0,144.0,116.0,115.0,108.0,106.0,101.0,85.0,56.0,52.0,57.0,57.0,63.0,42.0,31.0,21.0,13.0,25.0,25.0,13.0
Brasil,-14.235004,-51.92528,87.0,108.0,100.0,132.0,202.0,250.0,286.0,333.0,369.0,436.0,462.0,420.0,420.0,442.0,416.0,343.0,293.0,294.0,290.0,216.0,195.0,226.0,190.0,148.0,153.0,157.0,129.0,133.0,144.0,103.0,99.0,84.0,66.0,84.0,75.0,64.0,75.0,75.0,48.0,30.0,34.0,49.0,42.0,29.0,42.0,35.0,26.0,22.0
Chile,-35.675147,-71.542969,20.0,22.0,29.0,36.0,37.0,49.0,51.0,44.0,52.0,68.0,70.0,73.0,95.0,104.0,110.0,90.0,65.0,65.0,62.0,68.0,78.0,65.0,34.0,33.0,46.0,43.0,38.0,31.0,40.0,48.0,33.0,40.0,32.0,12.0,12.0,25.0,34.0,37.0,29.0,16.0,21.0,25.0,26.0,34.0,23.0,21.0,27.0,21.0
Colombia,4.570868,-74.297333,125.0,126.0,149.0,141.0,128.0,165.0,197.0,213.0,241.0,271.0,310.0,335.0,335.0,307.0,256.0,263.0,282.0,218.0,198.0,200.0,160.0,167.0,174.0,148.0,140.0,112.0,103.0,120.0,99.0,98.0,95.0,78.0,67.0,69.0,89.0,85.0,60.0,63.0,67.0,58.0,55.0,43.0,40.0,47.0,46.0,40.0,37.0,38.0
Ecuador,-1.831239,-78.18340599999999,255.0,297.0,282.0,232.0,222.0,233.0,244.0,244.0,242.0,335.0,382.0,354.0,386.0,411.0,442.0,430.0,389.0,329.0,288.0,292.0,259.0,227.0,207.0,187.0,202.0,197.0,166.0,157.0,145.0,139.0,129.0,136.0,109.0,77.0,102.0,94.0,75.0,84.0,67.0,48.0,51.0,53.0,55.0,57.0,45.0,32.0,23.0,30.0
Guyana,4.860416,-58.93018,0.0,0.0,0.0,0.0,0.0,0.0,0.0,0.0,0.0,0.0,0.0,0.0,0.0,0.0,0.0,0.0,0.0,0.0,0.0,0.0,0.0,0.0,0.0,0.0,0.0,0.0,0.0,0.0,0.0,0.0,0.0,0.0,0.0,0.0,0.0,0.0,0.0,0.0,0.0,0.0,0.0,0.0,0.0,0.0,0.0,0.0,0.0,0.0
Paraguay,-23.442503,-58.443832,35.0,96.0,169.0,206.0,231.0,279.0,293.0,284.0,350.0,350.0,376.0,409.0,372.0,347.0,230.0,221.0,250.0,175.0,125.0,150.0,142.0,136.0,180.0,162.0,163.0,183.0,167.0,137.0,124.0,93.0,97.0,116.0,87.0,72.0,69.0,74.0,71.0,65.0,82.0,53.0,35.0,40.0,33.0,35.0,27.0,18.0,10.0,15.0
Perú,-9.189967,-75.015152,91.0,76.0,57.0,71.0,87.0,99.0,100.0,107.0,146.0,185.0,180.0,171.0,175.0,163.0,168.0,190.0,185.0,151.0,128.0,141.0,140.0,118.0,112.0,111.0,96.0,61.0,74.0,108.0,106.0,83.0,63.0,48.0,47.0,50.0,40.0,43.0,37.0,27.0,23.0,23.0,32.0,40.0,36.0,29.0,24.0,26.0,26.0,29.0
Surinam,3.919305,-56.027783,0.0,0.0,0.0,0.0,0.0,0.0,0.0,0.0,0.0,0.0,0.0,0.0,0.0,0.0,0.0,0.0,0.0,0.0,0.0,0.0,0.0,0.0,0.0,0.0,0.0,0.0,0.0,0.0,0.0,0.0,0.0,0.0,0.0,0.0,0.0,0.0,0.0,0.0,0.0,0.0,0.0,0.0,0.0,0.0,0.0,0.0,0.0,0.0
Uruguay,-32.522779,-55.765835,13.0,35.0,40.0,25.0,39.0,44.0,35.0,33.0,44.0,42.0,44.0,54.0,55.0,46.0,41.0,42.0,46.0,51.0,47.0,36.0,34.0,45.0,34.0,25.0,32.0,34.0,21.0,17.0,19.0,17.0,30.0,32.0,22.0,23.0,21.0,17.0,15.0,8.0,13.0,25.0,29.0,20.0,16.0,23.0,27.0,23.0,15.0,15.0
Venezuela,6.42375,-66.58973,50.0,59.0,82.0,84.0,74.0,69.0,82.0,101.0,125.0,127.0,124.0,135.0,115.0,107.0,130.0,105.0,92.0,106.0,75.0,51.0,47.0,54.0,76.0,85.0,53.0,35.0,50.0,65.0,58.0,38.0,45.0,63.0,50.0,46.0,50.0,36.0,33.0,42.0,42.0,39.0,35.0,33.0,47.0,44.0,50.0,48.0,24.0,49.0
TOTAL ASIA, , ,263.0,253.0,230.0,265.0,284.0,263.0,288.0,371.0,390.0,364.0,406.0,456.0,428.0,385.0,375.0,350.0,378.0,428.0,388.0,351.0,318.0,276.0,320.0,358.0,326.0,256.0,223.0,242.0,207.0,183.0,165.0,147.0,121.0,104.0,88.0,78.0,93.0,67.0,48.0,46.0,33.0,34.0,48.0,38.0,23.0,19.0,17.0,16.0
Afganistán,33.93911,67.709953,0.0,0.0,0.0,0.0,0.0,0.0,0.0,0.0,0.0,0.0,0.0,0.0,0.0,0.0,0.0,0.0,0.0,0.0,1.0,1.0,0.0,0.0,0.0,0.0,0.0,0.0,0.0,0.0,0.0,0.0,0.0,0.0,0.0,0.0,0.0,0.0,0.0,0.0,0.0,0.0,0.0,0.0,0.0,0.0,0.0,0.0,0.0,0.0
Arabia Saudí,23.885942,45.079162,0.0,0.0,1.0,1.0,1.0,1.0,1.0,1.0,2.0,2.0,2.0,2.0,1.0,2.0,2.0,1.0,3.0,3.0,2.0,1.0,4.0,3.0,0.0,2.0,3.0,1.0,2.0,2.0,0.0,0.0,1.0,1.0,0.0,0.0,0.0,0.0,0.0,0.0,0.0,1.0,1.0,0.0,0.0,1.0,1.0,0.0,0.0,0.0
Azerbaiyán,40.143105,47.576927,0.0,0.0,0.0,0.0,0.0,0.0,0.0,0.0,0.0,0.0,1.0,1.0,0.0,0.0,0.0,0.0,0.0,0.0,0.0,0.0,0.0,0.0,0.0,0.0,0.0,0.0,0.0,0.0,0.0,0.0,0.0,0.0,0.0,0.0,0.0,0.0,0.0,0.0,0.0,0.0,0.0,0.0,0.0,0.0,0.0,0.0,0.0,0.0
Bahrein,26.0667,50.5577,0.0,0.0,0.0,0.0,0.0,0.0,0.0,0.0,0.0,0.0,0.0,0.0,0.0,0.0,0.0,0.0,0.0,0.0,0.0,0.0,0.0,0.0,0.0,0.0,0.0,0.0,0.0,1.0,1.0,0.0,1.0,1.0,0.0,0.0,0.0,0.0,0.0,0.0,0.0,0.0,0.0,0.0,0.0,0.0,0.0,0.0,0.0,0.0
Bangladesh,23.684994,90.356331,7.0,11.0,5.0,4.0,4.0,6.0,6.0,22.0,26.0,5.0,6.0,17.0,23.0,16.0,4.0,6.0,19.0,19.0,6.0,10.0,16.0,10.0,10.0,10.0,13.0,10.0,0.0,0.0,3.0,4.0,1.0,0.0,0.0,2.0,2.0,0.0,0.0,0.0,0.0,1.0,1.0,0.0,0.0,0.0,0.0,0.0,0.0,0.0
Brunei,4.535277,114.727669,0.0,0.0,0.0,0.0,0.0,0.0,0.0,0.0,0.0,0.0,0.0,0.0,0.0,0.0,0.0,0.0,0.0,0.0,0.0,0.0,0.0,0.0,0.0,0.0,0.0,0.0,0.0,0.0,0.0,0.0,0.0,0.0,0.0,0.0,0.0,0.0,0.0,0.0,0.0,0.0,0.0,0.0,0.0,0.0,0.0,0.0,0.0,0.0
Camboya,12.565679,104.990963,0.0,0.0,0.0,0.0,0.0,0.0,0.0,0.0,0.0,0.0,0.0,1.0,2.0,2.0,1.0,0.0,2.0,3.0,2.0,1.0,0.0,0.0,1.0,1.0,0.0,0.0,1.0,1.0,0.0,0.0,0.0,0.0,0.0,0.0,0.0,0.0,0.0,0.0,0.0,0.0,0.0,0.0,0.0,0.0,0.0,0.0,0.0,0.0
China,35.86166,104.195397,132.0,122.0,123.0,159.0,179.0,153.0,156.0,213.0,210.0,195.0,228.0,233.0,184.0,164.0,205.0,194.0,190.0,199.0,176.0,174.0,152.0,135.0,198.0,232.0,193.0,149.0,129.0,132.0,94.0,98.0,99.0,79.0,71.0,50.0,41.0,39.0,50.0,40.0,28.0,21.0,9.0,6.0,9.0,12.0,7.0,5.0,10.0,8.0
Corea,44.4009135,-67.9750023,2.0,0.0,0.0,0.0,10.0,14.0,4.0,0.0,1.0,1.0,1.0,6.0,5.0,1.0,1.0,1.0,3.0,2.0,2.0,2.0,1.0,1.0,1.0,1.0,3.0,3.0,0.0,0.0,0.0,0.0,0.0,3.0,3.0,0.0,0.0,0.0,0.0,0.0,0.0,0.0,3.0,3.0,0.0,0.0,0.0,0.0,0.0,0.0
Corea del Norte,40.339852,127.510093,0.0,0.0,0.0,0.0,0.0,0.0,0.0,0.0,0.0,0.0,0.0,0.0,0.0,0.0,0.0,0.0,0.0,0.0,0.0,0.0,0.0,0.0,0.0,0.0,0.0,0.0,0.0,0.0,0.0,0.0,0.0,0.0,0.0,0.0,0.0,0.0,0.0,0.0,0.0,0.0,0.0,0.0,0.0,0.0,0.0,0.0,0.0,0.0
Emiratos Árabes Unidos,23.424076,53.847818,0.0,1.0,2.0,2.0,1.0,2.0,2.0,3.0,9.0,11.0,7.0,8.0,9.0,6.0,8.0,11.0,8.0,10.0,15.0,12.0,9.0,8.0,5.0,5.0,3.0,2.0,2.0,2.0,4.0,2.0,1.0,1.0,2.0,2.0,1.0,0.0,1.0,1.0,0.0,0.0,0.0,1.0,1.0,0.0,1.0,1.0,1.0,1.0
Filipinas,12.879721,121.774017,13.0,14.0,11.0,8.0,15.0,17.0,18.0,22.0,18.0,20.0,22.0,25.0,43.0,42.0,27.0,32.0,27.0,30.0,31.0,32.0,26.0,21.0,30.0,20.0,16.0,22.0,24.0,20.0,24.0,22.0,11.0,10.0,9.0,9.0,8.0,10.0,14.0,10.0,4.0,4.0,5.0,6.0,14.0,10.0,0.0,0.0,2.0,2.0
India,20.593684,78.96288,26.0,18.0,19.0,19.0,20.0,24.0,26.0,26.0,34.0,48.0,58.0,57.0,47.0,30.0,25.0,24.0,34.0,47.0,30.0,14.0,37.0,42.0,21.0,15.0,17.0,18.0,10.0,6.0,11.0,10.0,8.0,5.0,4.0,4.0,2.0,7.0,9.0,10.0,9.0,5.0,3.0,9.0,12.0,7.0,4.0,2.0,2.0,1.0
Indonesia,-0.789275,113.921327,0.0,0.0,0.0,0.0,0.0,0.0,1.0,1.0,0.0,0.0,0.0,0.0,0.0,0.0,4.0,4.0,1.0,1.0,0.0,0.0,0.0,0.0,0.0,1.0,1.0,0.0,0.0,1.0,1.0,0.0,0.0,0.0,0.0,0.0,0.0,0.0,0.0,0.0,0.0,0.0,0.0,1.0,1.0,1.0,0.0,0.0,0.0,0.0
Irán,32.427908,53.688046,0.0,0.0,0.0,0.0,0.0,0.0,0.0,0.0,1.0,3.0,1.0,0.0,0.0,0.0,0.0,0.0,0.0,0.0,0.0,0.0,0.0,0.0,0.0,0.0,0.0,0.0,0.0,0.0,0.0,0.0,3.0,4.0,1.0,0.0,0.0,1.0,1.0,0.0,2.0,2.0,0.0,0.0,0.0,0.0,0.0,0.0,0.0,0.0
Iraq,33.223191,43.679291,0.0,0.0,0.0,0.0,0.0,0.0,0.0,0.0,0.0,0.0,0.0,0.0,0.0,0.0,0.0,0.0,0.0,0.0,0.0,0.0,0.0,0.0,0.0,0.0,0.0,0.0,0.0,0.0,0.0,0.0,0.0,0.0,0.0,0.0,0.0,0.0,0.0,0.0,0.0,0.0,0.0,0.0,0.0,0.0,0.0,0.0,0.0,0.0
Islas Marshall,7.131474,171.184478,0.0,0.0,0.0,0.0,0.0,0.0,0.0,0.0,0.0,0.0,0.0,0.0,0.0,0.0,0.0,0.0,0.0,0.0,0.0,0.0,0.0,0.0,0.0,0.0,0.0,0.0,0.0,0.0,0.0,0.0,0.0,0.0,0.0,0.0,0.0,0.0,0.0,0.0,0.0,0.0,0.0,0.0,0.0,0.0,0.0,0.0,0.0,0.0
Israel,31.046051,34.851612,3.0,5.0,5.0,4.0,0.0,0.0,1.0,1.0,1.0,1.0,10.0,11.0,2.0,2.0,6.0,6.0,3.0,4.0,2.0,5.0,8.0,3.0,0.0,1.0,1.0,0.0,0.0,1.0,1.0,0.0,0.0,0.0,2.0,2.0,2.0,1.0,0.0,0.0,0.0,0.0,0.0,0.0,0.0,0.0,0.0,0.0,0.0,0.0
Japón,36.204824,138.252924,5.0,4.0,2.0,9.0,10.0,5.0,10.0,9.0,10.0,8.0,2.0,5.0,15.0,20.0,12.0,11.0,15.0,9.0,7.0,12.0,8.0,3.0,8.0,6.0,6.0,7.0,2.0,1.0,2.0,2.0,5.0,5.0,2.0,1.0,2.0,3.0,2.0,1.0,0.0,1.0,1.0,0.0,0.0,0.0,1.0,1.0,0.0,0.0
Jordania,30.585164,36.238414,0.0,0.0,1.0,1.0,0.0,0.0,1.0,1.0,0.0,0.0,0.0,0.0,0.0,1.0,2.0,1.0,0.0,1.0,1.0,1.0,2.0,1.0,1.0,1.0,0.0,0.0,1.0,1.0,0.0,0.0,0.0,0.0,0.0,0.0,0.0,0.0,0.0,0.0,0.0,0.0,0.0,1.0,1.0,0.0,0.0,0.0,0.0,0.0
Kazajstán,48.019573,66.923684,3.0,3.0,1.0,1.0,0.0,0.0,0.0,3.0,3.0,1.0,1.0,0.0,0.0,0.0,0.0,0.0,1.0,1.0,0.0,4.0,4.0,0.0,0.0,0.0,0.0,0.0,0.0,0.0,0.0,0.0,0.0,0.0,0.0,0.0,0.0,0.0,0.0,0.0,0.0,0.0,0.0,0.0,0.0,0.0,0.0,0.0,0.0,0.0
Kirguistán,41.20438,74.766098,0.0,0.0,0.0,0.0,0.0,0.0,0.0,0.0,0.0,0.0,0.0,0.0,0.0,0.0,0.0,0.0,0.0,0.0,0.0,0.0,0.0,0.0,0.0,0.0,0.0,0.0,0.0,0.0,0.0,0.0,0.0,0.0,0.0,0.0,0.0,0.0,0.0,0.0,0.0,0.0,0.0,0.0,0.0,0.0,0.0,0.0,0.0,0.0
Kuwait,29.31166,47.481766,1.0,1.0,2.0,1.0,1.0,0.0,1.0,1.0,1.0,3.0,3.0,1.0,2.0,3.0,2.0,2.0,1.0,3.0,3.0,2.0,2.0,1.0,1.0,1.0,2.0,1.0,1.0,2.0,2.0,1.0,1.0,1.0,0.0,1.0,1.0,0.0,0.0,0.0,0.0,0.0,0.0,0.0,0.0,0.0,0.0,1.0,1.0,0.0
Laos,19.85627,102.495496,0.0,0.0,0.0,0.0,0.0,0.0,0.0,0.0,0.0,0.0,0.0,0.0,0.0,0.0,0.0,0.0,0.0,0.0,0.0,0.0,0.0,0.0,0.0,0.0,0.0,0.0,0.0,0.0,0.0,0.0,0.0,0.0,0.0,0.0,0.0,0.0,0.0,0.0,0.0,0.0,0.0,0.0,0.0,0.0,0.0,0.0,0.0,0.0
Líbano,33.854721,35.862285,1.0,3.0,2.0,2.0,1.0,0.0,1.0,1.0,0.0,0.0,0.0,1.0,1.0,1.0,2.0,2.0,2.0,2.0,2.0,1.0,0.0,0.0,0.0,0.0,0.0,0.0,1.0,4.0,3.0,0.0,0.0,0.0,0.0,2.0,2.0,1.0,1.0,0.0,0.0,0.0,0.0,0.0,0.0,0.0,0.0,0.0,0.0,0.0
Malasia,4.210484,101.975766,0.0,0.0,0.0,0.0,0.0,1.0,1.0,1.0,1.0,1.0,2.0,1.0,1.0,2.0,2.0,0.0,1.0,3.0,2.0,0.0,2.0,2.0,1.0,1.0,2.0,2.0,0.0,0.0,0.0,0.0,0.0,0.0,0.0,1.0,2.0,1.0,0.0,0.0,0.0,0.0,0.0,0.0,0.0,0.0,0.0,0.0,0.0,0.0
Maldivas,1.9772469,73.5361035,0.0,0.0,0.0,0.0,0.0,0.0,0.0,0.0,0.0,0.0,0.0,0.0,0.0,0.0,0.0,0.0,0.0,0.0,0.0,0.0,0.0,0.0,0.0,0.0,0.0,0.0,0.0,0.0,0.0,0.0,0.0,0.0,0.0,0.0,0.0,0.0,0.0,0.0,0.0,0.0,0.0,0.0,0.0,0.0,0.0,0.0,0.0,0.0
Mongolia,46.862496,103.846656,0.0,0.0,0.0,0.0,0.0,6.0,11.0,5.0,3.0,3.0,5.0,9.0,5.0,1.0,3.0,3.0,0.0,0.0,9.0,9.0,0.0,0.0,4.0,4.0,0.0,0.0,3.0,5.0,2.0,0.0,0.0,1.0,1.0,0.0,0.0,0.0,0.0,0.0,0.0,0.0,0.0,0.0,0.0,0.0,0.0,0.0,0.0,0.0
Myanmar,21.913965,95.956223,0.0,0.0,0.0,0.0,0.0,0.0,0.0,0.0,0.0,0.0,0.0,0.0,0.0,0.0,0.0,0.0,0.0,0.0,0.0,0.0,0.0,0.0,0.0,0.0,0.0,0.0,0.0,0.0,0.0,0.0,0.0,0.0,0.0,0.0,0.0,0.0,0.0,0.0,0.0,0.0,0.0,0.0,0.0,0.0,0.0,0.0,0.0,0.0
Nepal,28.394857,84.12400799999999,0.0,0.0,0.0,0.0,0.0,0.0,0.0,0.0,0.0,0.0,0.0,0.0,0.0,0.0,0.0,0.0,0.0,0.0,0.0,0.0,0.0,0.0,0.0,0.0,0.0,0.0,0.0,0.0,0.0,0.0,0.0,0.0,0.0,0.0,0.0,0.0,0.0,0.0,0.0,0.0,0.0,0.0,0.0,0.0,0.0,0.0,0.0,0.0
Omán,21.512583,55.923255,0.0,0.0,0.0,0.0,0.0,0.0,1.0,1.0,1.0,1.0,1.0,1.0,1.0,1.0,1.0,0.0,1.0,1.0,1.0,1.0,2.0,2.0,2.0,1.0,0.0,0.0,0.0,0.0,0.0,0.0,0.0,0.0,0.0,0.0,0.0,0.0,0.0,0.0,0.0,0.0,0.0,0.0,0.0,0.0,0.0,0.0,0.0,0.0
Pakistán,30.375321,69.34511599999999,68.0,69.0,51.0,48.0,37.0,28.0,44.0,48.0,55.0,50.0,43.0,59.0,64.0,74.0,55.0,40.0,51.0,72.0,80.0,57.0,38.0,37.0,34.0,50.0,60.0,36.0,38.0,55.0,57.0,37.0,28.0,33.0,25.0,28.0,22.0,11.0,11.0,1.0,1.0,3.0,4.0,4.0,7.0,4.0,3.0,4.0,1.0,0.0
Qatar,25.354826,51.183884,0.0,0.0,0.0,2.0,2.0,2.0,2.0,2.0,3.0,4.0,2.0,3.0,4.0,4.0,3.0,5.0,6.0,8.0,7.0,7.0,4.0,2.0,1.0,2.0,2.0,1.0,1.0,1.0,1.0,1.0,1.0,0.0,0.0,0.0,0.0,0.0,0.0,0.0,0.0,0.0,0.0,1.0,1.0,1.0,0.0,0.0,0.0,0.0
Singapur,1.352083,103.819836,0.0,1.0,1.0,0.0,1.0,1.0,1.0,2.0,3.0,3.0,4.0,4.0,3.0,5.0,5.0,3.0,4.0,5.0,4.0,2.0,1.0,2.0,3.0,3.0,1.0,1.0,0.0,0.0,1.0,2.0,1.0,0.0,0.0,2.0,2.0,1.0,1.0,0.0,1.0,1.0,1.0,1.0,0.0,0.0,0.0,0.0,0.0,0.0
Siria,34.80207499999999,38.996815,0.0,0.0,1.0,1.0,0.0,0.0,0.0,4.0,4.0,0.0,1.0,4.0,4.0,0.0,0.0,0.0,0.0,2.0,3.0,1.0,0.0,0.0,0.0,1.0,1.0,0.0,4.0,4.0,0.0,0.0,0.0,0.0,0.0,0.0,2.0,3.0,1.0,0.0,0.0,0.0,0.0,0.0,1.0,1.0,4.0,3.0,0.0,3.0
Sri Lanka,7.873053999999999,80.77179699999999,0.0,0.0,0.0,0.0,0.0,0.0,0.0,1.0,1.0,0.0,0.0,0.0,0.0,0.0,0.0,0.0,0.0,0.0,0.0,1.0,1.0,0.0,0.0,0.0,0.0,0.0,0.0,0.0,0.0,0.0,0.0,0.0,0.0,0.0,0.0,0.0,0.0,0.0,0.0,0.0,0.0,0.0,0.0,0.0,0.0,0.0,0.0,0.0
Tadyikistán,,,0.0,0.0,0.0,0.0,0.0,0.0,0.0,0.0,0.0,0.0,0.0,0.0,0.0,0.0,0.0,0.0,0.0,0.0,0.0,0.0,0.0,0.0,0.0,0.0,0.0,0.0,0.0,0.0,0.0,0.0,0.0,0.0,0.0,0.0,0.0,0.0,0.0,0.0,0.0,0.0,0.0,0.0,0.0,0.0,0.0,0.0,0.0,0.0
Tailandia,15.870032,100.992541,0.0,0.0,0.0,1.0,1.0,1.0,1.0,1.0,2.0,1.0,1.0,3.0,8.0,6.0,2.0,1.0,0.0,1.0,1.0,0.0,1.0,0.0,0.0,2.0,2.0,1.0,2.0,1.0,1.0,3.0,4.0,2.0,0.0,0.0,0.0,0.0,1.0,1.0,1.0,6.0,5.0,1.0,1.0,0.0,0.0,0.0,0.0,0.0
Turkmenistán,38.969719,59.556278,0.0,0.0,0.0,0.0,0.0,0.0,0.0,0.0,0.0,0.0,0.0,0.0,0.0,0.0,0.0,0.0,0.0,0.0,0.0,0.0,0.0,0.0,0.0,0.0,0.0,0.0,0.0,0.0,0.0,0.0,0.0,0.0,0.0,0.0,0.0,0.0,0.0,0.0,0.0,0.0,0.0,0.0,0.0,0.0,0.0,0.0,0.0,0.0
Uzbekistán,41.377491,64.585262,0.0,0.0,0.0,0.0,0.0,0.0,0.0,0.0,0.0,0.0,0.0,0.0,0.0,0.0,0.0,0.0,0.0,0.0,0.0,0.0,0.0,0.0,0.0,0.0,0.0,0.0,0.0,0.0,0.0,0.0,0.0,0.0,0.0,0.0,0.0,0.0,0.0,0.0,0.0,1.0,1.0,0.0,0.0,0.0,0.0,0.0,0.0,0.0
Vietnam,14.058324,108.277199,0.0,0.0,0.0,0.0,0.0,0.0,0.0,1.0,1.0,2.0,2.0,2.0,4.0,2.0,2.0,3.0,2.0,1.0,0.0,1.0,1.0,0.0,0.0,0.0,0.0,0.0,0.0,0.0,0.0,0.0,0.0,0.0,0.0,0.0,0.0,0.0,0.0,0.0,0.0,0.0,0.0,0.0,0.0,0.0,0.0,0.0,0.0,0.0
Yemen,15.552727,48.516388,0.0,0.0,0.0,0.0,0.0,0.0,0.0,0.0,0.0,0.0,0.0,0.0,0.0,0.0,0.0,0.0,0.0,0.0,0.0,0.0,0.0,0.0,0.0,0.0,0.0,0.0,0.0,0.0,0.0,0.0,0.0,0.0,0.0,0.0,0.0,0.0,0.0,0.0,0.0,0.0,0.0,0.0,0.0,0.0,0.0,0.0,0.0,0.0
Países de Asia sin relaciones diplomáticas,,,0.0,0.0,1.0,1.0,2.0,1.0,1.0,1.0,1.0,3.0,3.0,2.0,1.0,2.0,2.0,1.0,1.0,0.0,1.0,2.0,1.0,1.0,1.0,0.0,0.0,0.0,0.0,0.0,0.0,0.0,0.0,0.0,0.0,0.0,0.0,0.0,0.0,2.0,2.0,0.0,0.0,0.0,0.0,0.0,1.0,1.0,0.0,0.0
TOTAL OCEANÍA,,,8.0,8.0,1.0,6.0,7.0,2.0,5.0,8.0,11.0,11.0,16.0,23.0,23.0,15.0,18.0,25.0,27.0,24.0,16.0,9.0,10.0,13.0,10.0,9.0,10.0,13.0,12.0,7.0,2.0,3.0,7.0,5.0,2.0,2.0,2.0,2.0,2.0,3.0,2.0,1.0,5.0,5.0,1.0,2.0,1.0,1.0,1.0,2.0
Australia,-25.274398,133.775136,8.0,8.0,1.0,2.0,2.0,1.0,3.0,7.0,10.0,10.0,15.0,22.0,21.0,13.0,16.0,22.0,22.0,20.0,10.0,3.0,9.0,10.0,6.0,8.0,9.0,11.0,9.0,5.0,1.0,2.0,4.0,4.0,1.0,2.0,2.0,1.0,2.0,2.0,2.0,1.0,4.0,5.0,1.0,1.0,1.0,1.0,1.0,2.0
Fiji,-17.713371,178.065032,0.0,0.0,0.0,0.0,0.0,0.0,0.0,0.0,0.0,0.0,0.0,0.0,0.0,0.0,0.0,0.0,0.0,0.0,0.0,0.0,0.0,0.0,0.0,0.0,0.0,0.0,0.0,0.0,0.0,0.0,0.0,0.0,0.0,0.0,0.0,0.0,0.0,0.0,0.0,0.0,0.0,0.0,0.0,0.0,0.0,0.0,0.0,0.0
Islas Cook,-21.236736,-159.777671,0.0,0.0,0.0,0.0,0.0,0.0,0.0,0.0,0.0,0.0,0.0,0.0,0.0,0.0,0.0,0.0,0.0,0.0,0.0,0.0,0.0,0.0,0.0,0.0,0.0,0.0,0.0,0.0,0.0,0.0,0.0,0.0,0.0,0.0,0.0,0.0,0.0,0.0,0.0,0.0,0.0,0.0,0.0,0.0,0.0,0.0,0.0,0.0
Islas Salomón,-9.64571,160.156194,0.0,0.0,0.0,0.0,0.0,0.0,0.0,0.0,0.0,0.0,0.0,0.0,0.0,0.0,0.0,0.0,0.0,0.0,0.0,0.0,0.0,0.0,0.0,0.0,0.0,0.0,0.0,0.0,0.0,0.0,0.0,0.0,0.0,0.0,0.0,0.0,0.0,0.0,0.0,0.0,0.0,0.0,0.0,0.0,0.0,0.0,0.0,0.0
Micronesia,6.8874574,158.2150717,0.0,0.0,0.0,0.0,0.0,0.0,0.0,0.0,0.0,0.0,0.0,0.0,0.0,0.0,0.0,0.0,0.0,0.0,0.0,0.0,0.0,0.0,0.0,0.0,0.0,0.0,0.0,0.0,0.0,0.0,0.0,0.0,0.0,0.0,0.0,0.0,0.0,0.0,0.0,0.0,0.0,0.0,0.0,0.0,0.0,0.0,0.0,0.0
Nauru,-0.522778,166.931503,0.0,0.0,0.0,0.0,0.0,0.0,0.0,0.0,0.0,0.0,0.0,0.0,0.0,0.0,0.0,0.0,0.0,0.0,0.0,0.0,0.0,0.0,0.0,0.0,0.0,0.0,0.0,0.0,0.0,0.0,0.0,0.0,0.0,0.0,0.0,0.0,0.0,0.0,0.0,0.0,0.0,0.0,0.0,0.0,0.0,0.0,0.0,0.0
Nueva Zelanda,-40.900557,174.885971,0.0,0.0,0.0,1.0,2.0,0.0,1.0,1.0,1.0,1.0,1.0,1.0,1.0,2.0,1.0,2.0,5.0,5.0,6.0,6.0,1.0,3.0,3.0,1.0,1.0,2.0,3.0,2.0,1.0,1.0,2.0,1.0,0.0,0.0,0.0,0.0,0.0,0.0,0.0,0.0,0.0,0.0,0.0,0.0,0.0,0.0,0.0,0.0
Palaos,7.514979999999999,134.58252,0.0,0.0,0.0,0.0,0.0,0.0,0.0,0.0,0.0,0.0,0.0,0.0,0.0,0.0,0.0,0.0,0.0,0.0,0.0,0.0,0.0,0.0,0.0,0.0,0.0,0.0,0.0,0.0,0.0,0.0,0.0,0.0,0.0,0.0,0.0,0.0,0.0,0.0,0.0,0.0,0.0,0.0,0.0,0.0,0.0,0.0,0.0,0.0
Papúa Nueva Guinea,-6.314992999999999,143.95555,0.0,0.0,0.0,0.0,0.0,0.0,0.0,0.0,0.0,0.0,0.0,0.0,0.0,0.0,0.0,0.0,0.0,0.0,0.0,0.0,0.0,0.0,0.0,0.0,0.0,0.0,0.0,0.0,0.0,0.0,0.0,0.0,0.0,0.0,0.0,0.0,0.0,0.0,0.0,0.0,0.0,0.0,0.0,0.0,0.0,0.0,0.0,0.0
Samoa,-13.759029,-172.104629,0.0,0.0,0.0,3.0,3.0,0.0,0.0,0.0,0.0,0.0,0.0,0.0,0.0,0.0,0.0,0.0,0.0,0.0,0.0,0.0,0.0,0.0,0.0,0.0,0.0,0.0,0.0,0.0,0.0,0.0,0.0,0.0,0.0,0.0,0.0,0.0,0.0,0.0,0.0,0.0,0.0,0.0,0.0,0.0,0.0,0.0,0.0,0.0
Timor Oriental,-8.874217,125.727539,0.0,0.0,0.0,0.0,0.0,0.0,0.0,0.0,0.0,0.0,0.0,0.0,0.0,0.0,1.0,1.0,0.0,0.0,0.0,0.0,0.0,0.0,0.0,0.0,0.0,0.0,0.0,0.0,0.0,0.0,0.0,0.0,0.0,0.0,0.0,0.0,0.0,0.0,0.0,0.0,0.0,0.0,0.0,0.0,0.0,0.0,0.0,0.0
Tonga,-21.178986,-175.198242,0.0,0.0,0.0,0.0,0.0,0.0,0.0,0.0,0.0,0.0,0.0,0.0,0.0,0.0,0.0,0.0,0.0,0.0,0.0,0.0,0.0,0.0,0.0,0.0,0.0,0.0,0.0,0.0,0.0,0.0,0.0,0.0,0.0,0.0,0.0,0.0,0.0,0.0,0.0,0.0,0.0,0.0,0.0,0.0,0.0,0.0,0.0,0.0
Tuvalu,-10.7280717,179.4726562,0.0,0.0,0.0,0.0,0.0,0.0,0.0,0.0,0.0,0.0,0.0,0.0,0.0,0.0,0.0,0.0,0.0,0.0,0.0,0.0,0.0,0.0,0.0,0.0,0.0,0.0,0.0,0.0,0.0,0.0,0.0,0.0,0.0,0.0,0.0,0.0,0.0,0.0,0.0,0.0,0.0,0.0,0.0,0.0,0.0,0.0,0.0,0.0
Vanuatu,-15.376706,166.959158,0.0,0.0,0.0,0.0,0.0,0.0,0.0,0.0,0.0,0.0,0.0,0.0,0.0,0.0,0.0,0.0,0.0,0.0,0.0,0.0,0.0,0.0,0.0,0.0,0.0,0.0,0.0,0.0,0.0,0.0,0.0,0.0,0.0,0.0,0.0,0.0,0.0,0.0,0.0,0.0,0.0,0.0,0.0,0.0,0.0,0.0,0.0,0.0
Países de Oceanía sin relaciones diplomáticas,,,0.0,0.0,0.0,0.0,0.0,0.0,0.0,0.0,0.0,0.0,0.0,0.0,0.0,0.0,0.0,0.0,0.0,0.0,0.0,0.0,0.0,0.0,0.0,0.0,0.0,0.0,0.0,0.0,0.0,0.0,0.0,0.0,0.0,0.0,0.0,0.0,0.0,0.0,0.0,0.0,0.0,0.0,0.0,0.0,0.0,0.0,0.0,0.0
