TOTAL DE PAÍSES,lat,lng,3027.0,3508.0,4072.0,4694.0,5378.0,6115.0,6874.0,7636.0,8398.0,9146.0,9825.0,10353.0,10705.0,10856.0,10790.0,10525.0,10106.0,9577.0,8991.0,8400.0,7829.0,7298.0,6812.0,6368.0,5936.0,5500.0,5089.0,4699.0,4306.0,3927.0,3585.0,3267.0,2978.0,2725.0,2479.0,2232.0,1994.0,1780.0,1596.0,1439.0,1301.0,1189.0,1101.0,1016.0,931.0,860.0,795.0,728.0
TOTAL UNIÓN EUROPEA,,,832.0,1056.0,1404.0,1690.0,1896.0,2112.0,2312.0,2433.0,2492.0,2617.0,2800.0,2929.0,3013.0,3003.0,3088.0,3174.0,2999.0,2880.0,2747.0,2599.0,2445.0,2148.0,2055.0,2056.0,1937.0,1829.0,1732.0,1508.0,1371.0,1291.0,1216.0,1231.0,1188.0,1106.0,960.0,837.0,782.0,718.0,652.0,567.0,517.0,491.0,451.0,410.0,389.0,371.0,371.0,348.0
Alemania,51.165691,10.451526,57.0,70.0,102.0,112.0,111.0,128.0,163.0,188.0,199.0,215.0,223.0,209.0,219.0,243.0,271.0,271.0,235.0,206.0,206.0,202.0,176.0,177.0,167.0,159.0,153.0,172.0,173.0,138.0,107.0,93.0,93.0,88.0,95.0,98.0,104.0,105.0,74.0,60.0,57.0,53.0,59.0,60.0,59.0,50.0,46.0,59.0,65.0,49.0
Austria,47.516231,14.550072,4.0,4.0,6.0,11.0,15.0,18.0,15.0,13.0,17.0,29.0,25.0,14.0,14.0,17.0,18.0,28.0,29.0,21.0,22.0,22.0,31.0,24.0,13.0,13.0,7.0,6.0,9.0,7.0,7.0,9.0,7.0,5.0,11.0,12.0,4.0,2.0,2.0,3.0,1.0,2.0,3.0,2.0,1.0,0.0,1.0,1.0,6.0,8.0
Bélgica,50.503887,4.469936,35.0,50.0,55.0,54.0,57.0,62.0,71.0,77.0,80.0,85.0,89.0,102.0,126.0,142.0,127.0,123.0,115.0,99.0,106.0,101.0,93.0,93.0,87.0,70.0,77.0,83.0,76.0,85.0,84.0,73.0,62.0,59.0,60.0,43.0,35.0,33.0,31.0,30.0,28.0,18.0,16.0,16.0,13.0,12.0,11.0,11.0,12.0,9.0
Bulgaria,42.733883,25.48583,52.0,54.0,91.0,115.0,122.0,111.0,106.0,111.0,100.0,133.0,176.0,140.0,142.0,150.0,137.0,143.0,127.0,131.0,157.0,146.0,121.0,98.0,78.0,77.0,81.0,83.0,104.0,100.0,95.0,95.0,73.0,72.0,97.0,139.0,107.0,63.0,55.0,38.0,43.0,49.0,40.0,30.0,27.0,26.0,19.0,14.0,9.0,26.0
Chipre,35.126413,33.429859,1.0,1.0,1.0,2.0,2.0,2.0,2.0,3.0,3.0,4.0,4.0,6.0,6.0,5.0,6.0,6.0,6.0,5.0,5.0,4.0,4.0,4.0,4.0,4.0,4.0,3.0,6.0,6.0,2.0,2.0,2.0,2.0,1.0,1.0,1.0,1.0,1.0,1.0,1.0,2.0,2.0,0.0,0.0,0.0,0.0,0.0,0.0,0.0
Dinamarca,56.26392,9.501785,3.0,3.0,5.0,7.0,9.0,13.0,13.0,10.0,11.0,13.0,14.0,10.0,11.0,12.0,15.0,18.0,15.0,14.0,15.0,18.0,14.0,7.0,6.0,12.0,12.0,6.0,4.0,8.0,8.0,3.0,6.0,4.0,2.0,2.0,3.0,3.0,2.0,3.0,2.0,1.0,2.0,2.0,1.0,1.0,1.0,0.0,2.0,2.0
Eslovenia,46.151241,14.995463,0.0,0.0,0.0,0.0,0.0,0.0,0.0,0.0,0.0,0.0,0.0,0.0,1.0,1.0,0.0,0.0,4.0,4.0,0.0,0.0,0.0,0.0,4.0,4.0,0.0,0.0,0.0,0.0,0.0,0.0,0.0,0.0,0.0,0.0,0.0,0.0,0.0,0.0,0.0,0.0,0.0,0.0,0.0,0.0,0.0,0.0,1.0,1.0
Estonia,58.595272,25.013607,0.0,0.0,0.0,0.0,0.0,5.0,5.0,0.0,0.0,0.0,0.0,0.0,5.0,8.0,5.0,2.0,2.0,1.0,0.0,0.0,1.0,1.0,0.0,0.0,0.0,1.0,1.0,0.0,0.0,0.0,0.0,1.0,1.0,0.0,0.0,0.0,0.0,0.0,0.0,0.0,0.0,0.0,0.0,0.0,0.0,0.0,0.0,0.0
Finlandia,61.92410999999999,25.748151,1.0,2.0,3.0,2.0,1.0,2.0,4.0,4.0,4.0,7.0,8.0,6.0,9.0,11.0,8.0,13.0,12.0,8.0,7.0,5.0,8.0,7.0,3.0,2.0,2.0,2.0,4.0,5.0,8.0,5.0,4.0,5.0,2.0,1.0,1.0,1.0,1.0,1.0,0.0,1.0,1.0,0.0,0.0,0.0,1.0,3.0,3.0,1.0
Francia,46.227638,2.213749,135.0,163.0,192.0,201.0,230.0,278.0,323.0,372.0,405.0,417.0,446.0,518.0,535.0,525.0,529.0,522.0,494.0,436.0,432.0,426.0,378.0,349.0,333.0,334.0,297.0,246.0,234.0,254.0,245.0,198.0,167.0,156.0,147.0,124.0,100.0,90.0,75.0,76.0,87.0,73.0,53.0,52.0,57.0,50.0,45.0,57.0,55.0,36.0
Grecia,39.074208,21.824312,1.0,4.0,5.0,3.0,3.0,4.0,4.0,4.0,3.0,5.0,9.0,11.0,11.0,16.0,20.0,13.0,8.0,11.0,10.0,10.0,17.0,14.0,5.0,7.0,8.0,7.0,6.0,4.0,2.0,3.0,3.0,2.0,1.0,1.0,2.0,6.0,6.0,2.0,6.0,5.0,4.0,4.0,0.0,0.0,0.0,0.0,0.0,0.0
Hungría,47.162494,19.503304,0.0,1.0,1.0,1.0,1.0,1.0,2.0,4.0,6.0,4.0,5.0,6.0,11.0,9.0,3.0,7.0,8.0,9.0,7.0,5.0,5.0,3.0,10.0,9.0,6.0,7.0,2.0,1.0,1.0,0.0,3.0,3.0,2.0,2.0,1.0,9.0,10.0,2.0,1.0,9.0,9.0,0.0,3.0,3.0,0.0,0.0,1.0,0.0
Irlanda,53.41291,-8.24389,3.0,5.0,5.0,7.0,8.0,4.0,7.0,16.0,22.0,18.0,17.0,17.0,17.0,18.0,16.0,18.0,18.0,17.0,12.0,18.0,19.0,8.0,8.0,7.0,7.0,10.0,12.0,10.0,4.0,8.0,9.0,4.0,3.0,2.0,3.0,3.0,1.0,1.0,1.0,3.0,3.0,1.0,6.0,6.0,1.0,1.0,1.0,7.0
Italia,41.87194,12.56738,54.0,80.0,76.0,74.0,103.0,130.0,171.0,193.0,191.0,217.0,250.0,262.0,281.0,291.0,277.0,258.0,238.0,222.0,208.0,214.0,190.0,148.0,150.0,132.0,117.0,134.0,129.0,101.0,89.0,79.0,65.0,71.0,71.0,65.0,61.0,50.0,39.0,34.0,26.0,30.0,28.0,26.0,22.0,22.0,29.0,28.0,22.0,21.0
Letonia,56.879635,24.603189,0.0,0.0,1.0,1.0,2.0,2.0,0.0,4.0,7.0,4.0,2.0,2.0,7.0,7.0,5.0,4.0,1.0,1.0,0.0,0.0,0.0,1.0,1.0,1.0,0.0,0.0,0.0,0.0,1.0,1.0,0.0,0.0,0.0,0.0,1.0,1.0,2.0,2.0,0.0,0.0,0.0,0.0,0.0,0.0,0.0,0.0,0.0,0.0
Lituania,55.169438,23.881275,14.0,4.0,7.0,28.0,31.0,29.0,31.0,15.0,10.0,11.0,18.0,34.0,30.0,13.0,26.0,23.0,12.0,21.0,18.0,11.0,14.0,17.0,13.0,12.0,13.0,21.0,21.0,6.0,0.0,0.0,4.0,4.0,11.0,12.0,7.0,10.0,5.0,3.0,4.0,3.0,0.0,1.0,1.0,0.0,0.0,0.0,0.0,0.0
Luxemburgo,49.815273,6.129582999999999,1.0,1.0,2.0,2.0,2.0,2.0,2.0,3.0,3.0,1.0,2.0,3.0,6.0,7.0,6.0,6.0,7.0,8.0,4.0,3.0,2.0,3.0,5.0,6.0,6.0,3.0,4.0,4.0,3.0,2.0,4.0,4.0,3.0,3.0,1.0,1.0,0.0,0.0,0.0,4.0,5.0,1.0,0.0,2.0,3.0,2.0,1.0,1.0
Malta,35.937496,14.375416,0.0,2.0,2.0,0.0,0.0,0.0,0.0,0.0,0.0,0.0,0.0,0.0,0.0,0.0,0.0,0.0,0.0,0.0,0.0,0.0,0.0,0.0,0.0,0.0,2.0,2.0,3.0,4.0,1.0,0.0,0.0,1.0,1.0,0.0,0.0,0.0,0.0,0.0,0.0,0.0,0.0,0.0,0.0,0.0,0.0,1.0,1.0,0.0
Países Bajos,52.132633,5.291265999999999,34.0,35.0,25.0,41.0,54.0,47.0,61.0,74.0,75.0,76.0,83.0,79.0,74.0,104.0,110.0,100.0,102.0,103.0,104.0,108.0,101.0,73.0,70.0,88.0,81.0,62.0,58.0,64.0,66.0,46.0,33.0,41.0,33.0,26.0,28.0,39.0,40.0,26.0,18.0,11.0,9.0,10.0,13.0,16.0,21.0,20.0,32.0,29.0
Polonia,51.919438,19.145136,25.0,13.0,12.0,22.0,33.0,43.0,68.0,103.0,87.0,92.0,118.0,105.0,88.0,85.0,89.0,93.0,92.0,90.0,97.0,75.0,64.0,74.0,69.0,69.0,53.0,41.0,61.0,66.0,67.0,60.0,48.0,72.0,65.0,45.0,40.0,38.0,43.0,42.0,40.0,24.0,12.0,11.0,14.0,7.0,6.0,6.0,7.0,13.0
Portugal,39.39987199999999,-8.224454,55.0,73.0,70.0,64.0,88.0,133.0,160.0,165.0,150.0,191.0,230.0,250.0,252.0,204.0,252.0,304.0,277.0,301.0,257.0,205.0,223.0,263.0,261.0,199.0,198.0,181.0,158.0,136.0,133.0,148.0,141.0,122.0,103.0,132.0,122.0,71.0,68.0,72.0,70.0,54.0,47.0,39.0,29.0,31.0,20.0,16.0,15.0,15.0
Reino Unido,55.378051,-3.435973,67.0,91.0,114.0,123.0,135.0,120.0,112.0,131.0,175.0,187.0,164.0,182.0,202.0,213.0,205.0,215.0,222.0,211.0,193.0,175.0,196.0,175.0,145.0,151.0,169.0,175.0,163.0,134.0,132.0,137.0,101.0,85.0,88.0,101.0,84.0,59.0,104.0,119.0,73.0,56.0,58.0,73.0,85.0,82.0,83.0,76.0,69.0,63.0
República Checa,49.81749199999999,15.472962,2.0,1.0,1.0,5.0,5.0,2.0,3.0,10.0,15.0,13.0,9.0,4.0,8.0,10.0,17.0,22.0,14.0,8.0,9.0,11.0,8.0,5.0,5.0,3.0,2.0,2.0,3.0,4.0,11.0,10.0,1.0,1.0,2.0,6.0,5.0,1.0,1.0,0.0,0.0,1.0,1.0,5.0,8.0,3.0,0.0,0.0,0.0,0.0
República Eslovaca,48.40,19.30,3.0,11.0,11.0,3.0,5.0,8.0,7.0,7.0,11.0,20.0,18.0,7.0,12.0,10.0,9.0,7.0,5.0,5.0,8.0,10.0,6.0,4.0,3.0,7.0,7.0,4.0,4.0,2.0,2.0,1.0,4.0,12.0,10.0,1.0,0.0,2.0,2.0,1.0,5.0,4.0,1.0,1.0,0.0,0.0,0.0,0.0,0.0,0.0
Rumanía,45.943161,24.96676,275.0,375.0,596.0,797.0,868.0,953.0,969.0,913.0,896.0,850.0,866.0,941.0,924.0,879.0,915.0,949.0,931.0,927.0,850.0,809.0,754.0,588.0,604.0,680.0,623.0,571.0,490.0,359.0,290.0,300.0,373.0,408.0,371.0,283.0,240.0,243.0,216.0,197.0,186.0,157.0,157.0,151.0,104.0,93.0,99.0,70.0,59.0,55.0
Suecia,60.12816100000001,18.643501,10.0,12.0,20.0,17.0,12.0,17.0,14.0,12.0,22.0,25.0,23.0,23.0,22.0,23.0,25.0,28.0,26.0,22.0,20.0,22.0,19.0,13.0,11.0,11.0,12.0,9.0,8.0,8.0,13.0,18.0,12.0,8.0,6.0,7.0,11.0,6.0,5.0,4.0,4.0,7.0,7.0,5.0,8.0,4.0,3.0,4.0,9.0,10.0
TOTAL RESTO DE EUROPA,,,78.0,122.0,151.0,135.0,131.0,149.0,194.0,223.0,240.0,288.0,343.0,308.0,278.0,313.0,341.0,335.0,296.0,285.0,295.0,310.0,263.0,259.0,244.0,202.0,201.0,171.0,204.0,220.0,178.0,163.0,147.0,158.0,153.0,149.0,165.0,160.0,117.0,70.0,88.0,107.0,80.0,61.0,73.0,72.0,68.0,42.0,25.0,51.0
Albania,41.153332,20.168331,0.0,3.0,7.0,4.0,0.0,4.0,8.0,9.0,7.0,7.0,11.0,11.0,4.0,12.0,22.0,18.0,11.0,5.0,1.0,0.0,1.0,1.0,0.0,0.0,1.0,1.0,0.0,0.0,0.0,0.0,1.0,1.0,1.0,1.0,0.0,0.0,0.0,0.0,0.0,4.0,5.0,1.0,0.0,0.0,0.0,0.0,0.0,0.0
Andorra,42.506285,1.521801,5.0,4.0,4.0,8.0,6.0,4.0,3.0,3.0,4.0,6.0,6.0,2.0,7.0,8.0,4.0,7.0,10.0,11.0,11.0,10.0,12.0,15.0,9.0,4.0,6.0,10.0,8.0,7.0,9.0,9.0,7.0,5.0,2.0,2.0,5.0,7.0,6.0,4.0,4.0,4.0,3.0,4.0,3.0,6.0,4.0,1.0,3.0,4.0
Armenia,40.069099,45.038189,7.0,6.0,7.0,8.0,7.0,14.0,14.0,11.0,16.0,25.0,29.0,22.0,22.0,26.0,21.0,11.0,11.0,12.0,13.0,9.0,5.0,19.0,24.0,19.0,11.0,2.0,1.0,1.0,0.0,0.0,11.0,14.0,10.0,8.0,3.0,6.0,7.0,4.0,0.0,0.0,0.0,4.0,9.0,6.0,0.0,0.0,0.0,0.0
Belarús,53.709807,27.953389,0.0,0.0,1.0,1.0,0.0,0.0,0.0,0.0,0.0,4.0,4.0,1.0,3.0,3.0,1.0,0.0,0.0,0.0,0.0,11.0,12.0,1.0,0.0,0.0,4.0,5.0,1.0,0.0,0.0,0.0,0.0,0.0,0.0,0.0,0.0,0.0,0.0,0.0,0.0,0.0,0.0,0.0,3.0,3.0,0.0,0.0,0.0,0.0
Bosnia y Herz.,43.915886,17.679076,0.0,0.0,1.0,1.0,0.0,0.0,3.0,3.0,0.0,0.0,0.0,0.0,1.0,1.0,1.0,1.0,4.0,4.0,4.0,4.0,0.0,2.0,5.0,4.0,1.0,0.0,1.0,1.0,1.0,0.0,0.0,0.0,0.0,0.0,0.0,4.0,6.0,3.0,0.0,0.0,0.0,0.0,0.0,0.0,0.0,0.0,0.0,0.0
Croacia,45.1,15.2,0.0,0.0,0.0,0.0,0.0,0.0,0.0,0.0,1.0,3.0,4.0,3.0,2.0,3.0,2.0,1.0,1.0,1.0,15.0,16.0,2.0,0.0,0.0,4.0,3.0,1.0,1.0,0.0,1.0,1.0,0.0,0.0,0.0,0.0,0.0,0.0,0.0,0.0,0.0,0.0,0.0,1.0,2.0,1.0,0.0,0.0,0.0,0.0
Georgia,42.1902,43.2781,4.0,7.0,9.0,7.0,8.0,8.0,20.0,29.0,18.0,24.0,52.0,38.0,15.0,30.0,39.0,50.0,46.0,35.0,44.0,45.0,28.0,21.0,14.0,2.0,5.0,9.0,6.0,13.0,12.0,1.0,3.0,10.0,10.0,18.0,28.0,15.0,3.0,4.0,3.0,0.0,0.0,1.0,1.0,5.0,8.0,4.0,2.0,1.0
Islandia,64.963051,-19.020835,0.0,0.0,0.0,0.0,0.0,0.0,0.0,0.0,0.0,1.0,1.0,0.0,0.0,0.0,0.0,0.0,0.0,0.0,0.0,0.0,0.0,0.0,0.0,0.0,0.0,0.0,0.0,0.0,0.0,0.0,0.0,0.0,0.0,0.0,0.0,0.0,0.0,0.0,0.0,0.0,0.0,0.0,0.0,0.0,0.0,0.0,0.0,0.0
Liechtenstein,47166,9.555373,0.0,1.0,1.0,0.0,0.0,0.0,0.0,0.0,0.0,0.0,0.0,0.0,0.0,1.0,1.0,0.0,0.0,0.0,0.0,0.0,0.0,1.0,2.0,1.0,0.0,0.0,0.0,0.0,0.0,0.0,0.0,0.0,0.0,0.0,0.0,0.0,0.0,0.0,1.0,1.0,0.0,0.0,0.0,0.0,0.0,0.0,0.0,0.0
Macedonia,41.608635,21.745275,0.0,0.0,0.0,0.0,0.0,0.0,1.0,1.0,0.0,1.0,1.0,1.0,4.0,3.0,0.0,0.0,1.0,1.0,0.0,4.0,8.0,4.0,1.0,1.0,0.0,0.0,0.0,1.0,1.0,0.0,0.0,0.0,0.0,0.0,1.0,2.0,1.0,0.0,0.0,0.0,0.0,0.0,0.0,0.0,0.0,0.0,0.0,0.0
Moldavia,47.411631,28.369885,5.0,3.0,8.0,16.0,14.0,9.0,17.0,25.0,24.0,20.0,28.0,26.0,15.0,13.0,20.0,21.0,6.0,14.0,18.0,10.0,9.0,8.0,10.0,11.0,5.0,4.0,25.0,24.0,3.0,2.0,2.0,2.0,2.0,10.0,9.0,5.0,5.0,1.0,1.0,7.0,7.0,2.0,2.0,0.0,0.0,0.0,0.0,0.0
Mónaco,43.73841760000001,7.424615799999999,0.0,0.0,0.0,0.0,0.0,0.0,0.0,0.0,0.0,0.0,0.0,0.0,0.0,0.0,0.0,0.0,0.0,0.0,0.0,0.0,0.0,0.0,0.0,0.0,0.0,1.0,1.0,0.0,0.0,0.0,0.0,0.0,0.0,0.0,0.0,0.0,0.0,0.0,0.0,0.0,0.0,0.0,0.0,0.0,0.0,0.0,0.0,0.0
Montenegro,42.708678,19.37439,0.0,0.0,0.0,0.0,0.0,0.0,0.0,0.0,0.0,0.0,0.0,0.0,0.0,0.0,0.0,0.0,0.0,0.0,0.0,0.0,0.0,0.0,0.0,0.0,0.0,0.0,1.0,1.0,0.0,0.0,0.0,0.0,0.0,0.0,0.0,0.0,0.0,0.0,0.0,0.0,0.0,0.0,0.0,0.0,0.0,0.0,0.0,0.0
Noruega,60.47202399999999,8.468945999999999,2.0,3.0,6.0,5.0,2.0,3.0,5.0,6.0,20.0,21.0,10.0,12.0,10.0,9.0,12.0,11.0,7.0,13.0,11.0,4.0,5.0,18.0,17.0,11.0,15.0,11.0,6.0,5.0,7.0,7.0,3.0,12.0,13.0,3.0,2.0,3.0,4.0,3.0,5.0,4.0,3.0,4.0,1.0,1.0,4.0,5.0,1.0,2.0
Rusia,61.52401,105.318756,17.0,24.0,17.0,10.0,20.0,19.0,21.0,36.0,38.0,38.0,35.0,39.0,42.0,30.0,34.0,31.0,18.0,31.0,25.0,23.0,29.0,25.0,29.0,27.0,31.0,32.0,41.0,32.0,18.0,19.0,13.0,17.0,21.0,20.0,14.0,12.0,10.0,8.0,8.0,9.0,12.0,7.0,2.0,6.0,12.0,6.0,4.0,4.0
San Marino,43.94236,12.457777,0.0,0.0,0.0,0.0,0.0,0.0,0.0,0.0,0.0,0.0,0.0,0.0,0.0,0.0,0.0,0.0,0.0,0.0,0.0,0.0,0.0,0.0,0.0,0.0,0.0,0.0,0.0,0.0,0.0,0.0,0.0,0.0,0.0,0.0,0.0,0.0,0.0,0.0,0.0,0.0,0.0,0.0,0.0,0.0,0.0,0.0,0.0,0.0
Santa Sede,8.409275899999999,-76.11314949999999,0.0,0.0,0.0,0.0,0.0,0.0,0.0,0.0,0.0,0.0,0.0,0.0,0.0,0.0,0.0,0.0,0.0,0.0,0.0,0.0,0.0,0.0,0.0,0.0,0.0,0.0,0.0,0.0,0.0,0.0,0.0,0.0,0.0,0.0,0.0,0.0,0.0,0.0,0.0,0.0,0.0,0.0,0.0,0.0,0.0,0.0,0.0,0.0
Serbia,44.016521,21.005859,0.0,0.0,0.0,0.0,0.0,0.0,0.0,0.0,6.0,6.0,3.0,3.0,0.0,4.0,4.0,3.0,3.0,0.0,1.0,1.0,1.0,6.0,4.0,0.0,1.0,0.0,0.0,1.0,1.0,0.0,1.0,1.0,0.0,1.0,4.0,5.0,1.0,0.0,0.0,0.0,0.0,3.0,3.0,0.0,0.0,0.0,0.0,0.0
Suiza,46.818188,8.227511999999999,32.0,37.0,35.0,37.0,41.0,46.0,53.0,56.0,54.0,67.0,72.0,60.0,67.0,83.0,98.0,105.0,87.0,74.0,75.0,86.0,78.0,62.0,62.0,64.0,62.0,57.0,74.0,68.0,44.0,49.0,49.0,46.0,44.0,41.0,47.0,61.0,51.0,34.0,33.0,31.0,28.0,28.0,30.0,23.0,19.0,15.0,13.0,15.0
Turquía,38.963745,35.243322,1.0,7.0,6.0,0.0,0.0,2.0,4.0,5.0,4.0,6.0,5.0,1.0,3.0,3.0,5.0,6.0,3.0,3.0,6.0,10.0,8.0,3.0,1.0,0.0,4.0,4.0,4.0,8.0,6.0,4.0,6.0,5.0,2.0,1.0,3.0,4.0,2.0,1.0,8.0,8.0,1.0,1.0,3.0,3.0,2.0,1.0,0.0,0.0
Ucrania,48.379433,31.16558,4.0,27.0,48.0,39.0,33.0,41.0,44.0,38.0,47.0,60.0,83.0,89.0,83.0,86.0,78.0,70.0,88.0,82.0,70.0,80.0,67.0,74.0,67.0,55.0,52.0,36.0,35.0,57.0,74.0,70.0,51.0,44.0,47.0,44.0,47.0,37.0,21.0,9.0,24.0,38.0,19.0,6.0,13.0,18.0,18.0,10.0,2.0,24.0
Países de Europa sin relaciones diplomáticas,,,0.0,0.0,0.0,0.0,0.0,0.0,0.0,0.0,0.0,0.0,0.0,0.0,0.0,0.0,0.0,0.0,0.0,0.0,0.0,0.0,0.0,0.0,0.0,0.0,0.0,0.0,0.0,0.0,0.0,0.0,0.0,0.0,0.0,0.0,0.0,0.0,0.0,0.0,0.0,0.0,0.0,0.0,0.0,0.0,0.0,0.0,0.0,0.0
TOTAL ÁFRICA, , ,646.0,777.0,883.0,1006.0,1206.0,1525.0,1773.0,1920.0,2171.0,2458.0,2645.0,2713.0,2800.0,2949.0,2841.0,2548.0,2491.0,2322.0,2199.0,2051.0,1796.0,1659.0,1512.0,1310.0,1073.0,1011.0,924.0,852.0,736.0,596.0,559.0,490.0,452.0,408.0,329.0,314.0,266.0,237.0,228.0,170.0,171.0,189.0,170.0,145.0,125.0,121.0,98.0,61.0
Angola,-11.202692,17.873887,3.0,2.0,2.0,3.0,3.0,2.0,1.0,2.0,1.0,3.0,12.0,10.0,3.0,5.0,6.0,5.0,13.0,11.0,2.0,2.0,5.0,5.0,2.0,6.0,5.0,1.0,3.0,3.0,1.0,1.0,3.0,1.0,0.0,0.0,2.0,6.0,5.0,1.0,0.0,0.0,2.0,2.0,1.0,1.0,0.0,0.0,0.0,0.0
Argelia,28.033886,1.659626,51.0,52.0,35.0,52.0,73.0,102.0,99.0,129.0,197.0,206.0,215.0,235.0,250.0,256.0,267.0,264.0,252.0,222.0,274.0,288.0,230.0,236.0,198.0,165.0,122.0,102.0,114.0,104.0,86.0,59.0,74.0,74.0,48.0,43.0,27.0,16.0,27.0,41.0,43.0,25.0,26.0,31.0,18.0,8.0,2.0,7.0,6.0,3.0
Benin,9.30769,2.315834,0.0,0.0,0.0,0.0,0.0,0.0,0.0,0.0,0.0,0.0,0.0,0.0,0.0,0.0,0.0,0.0,0.0,0.0,0.0,0.0,0.0,0.0,0.0,0.0,0.0,0.0,0.0,0.0,0.0,0.0,0.0,0.0,0.0,0.0,0.0,0.0,0.0,0.0,0.0,0.0,0.0,0.0,0.0,0.0,0.0,0.0,0.0,0.0
Botswana,-22.328474,24.684866,0.0,0.0,0.0,0.0,0.0,0.0,0.0,0.0,0.0,0.0,0.0,0.0,0.0,0.0,0.0,0.0,0.0,0.0,0.0,0.0,0.0,0.0,0.0,0.0,0.0,0.0,0.0,0.0,0.0,0.0,0.0,0.0,0.0,0.0,0.0,0.0,0.0,0.0,0.0,0.0,0.0,0.0,0.0,0.0,0.0,0.0,0.0,0.0
Burkina Faso,12.238333,-1.561593,0.0,0.0,0.0,0.0,1.0,1.0,1.0,1.0,1.0,1.0,4.0,5.0,1.0,4.0,4.0,1.0,4.0,7.0,4.0,0.0,4.0,4.0,1.0,1.0,1.0,0.0,0.0,0.0,0.0,0.0,0.0,0.0,0.0,0.0,0.0,0.0,0.0,0.0,0.0,0.0,0.0,0.0,0.0,0.0,0.0,0.0,0.0,0.0
Burundi,-3.373056,29.918886,0.0,0.0,0.0,0.0,0.0,0.0,0.0,0.0,0.0,0.0,0.0,0.0,0.0,0.0,1.0,1.0,0.0,0.0,0.0,0.0,0.0,0.0,0.0,1.0,1.0,0.0,0.0,0.0,0.0,0.0,0.0,0.0,0.0,0.0,0.0,0.0,0.0,0.0,0.0,0.0,0.0,0.0,0.0,0.0,0.0,0.0,0.0,0.0
Cabo Verde,15.1217288,-23.6050817,0.0,0.0,0.0,0.0,0.0,0.0,0.0,0.0,0.0,0.0,0.0,2.0,2.0,0.0,1.0,2.0,2.0,2.0,6.0,6.0,2.0,1.0,2.0,2.0,1.0,2.0,3.0,3.0,2.0,2.0,3.0,3.0,1.0,1.0,1.0,0.0,2.0,1.0,2.0,3.0,1.0,0.0,3.0,4.0,2.0,0.0,1.0,1.0
Camerún,7.369721999999999,12.354722,5.0,2.0,6.0,8.0,8.0,8.0,6.0,2.0,10.0,18.0,10.0,8.0,17.0,19.0,13.0,5.0,6.0,4.0,1.0,2.0,2.0,1.0,3.0,3.0,1.0,0.0,0.0,0.0,0.0,0.0,3.0,3.0,0.0,0.0,0.0,0.0,0.0,0.0,0.0,0.0,0.0,0.0,0.0,3.0,3.0,0.0,0.0,0.0
Chad,15.454166,18.732207,0.0,0.0,0.0,0.0,0.0,0.0,0.0,0.0,0.0,0.0,0.0,0.0,0.0,0.0,0.0,0.0,0.0,0.0,0.0,0.0,0.0,0.0,0.0,0.0,0.0,0.0,0.0,0.0,0.0,0.0,0.0,0.0,0.0,0.0,0.0,0.0,0.0,0.0,0.0,0.0,0.0,0.0,0.0,0.0,0.0,0.0,0.0,0.0
Comores,-11.6455,43.3333,0.0,0.0,0.0,0.0,0.0,0.0,0.0,0.0,0.0,0.0,0.0,0.0,0.0,0.0,0.0,0.0,0.0,0.0,0.0,0.0,0.0,0.0,0.0,0.0,0.0,0.0,0.0,0.0,0.0,0.0,0.0,0.0,0.0,0.0,0.0,0.0,0.0,0.0,0.0,0.0,0.0,0.0,0.0,0.0,0.0,0.0,0.0,0.0
Congo,-0.228021,15.827659,0.0,0.0,0.0,0.0,0.0,0.0,0.0,0.0,0.0,0.0,0.0,0.0,0.0,1.0,1.0,4.0,8.0,4.0,1.0,0.0,0.0,0.0,0.0,0.0,0.0,0.0,0.0,0.0,0.0,0.0,0.0,0.0,0.0,0.0,0.0,0.0,0.0,0.0,0.0,0.0,0.0,0.0,0.0,0.0,0.0,0.0,0.0,0.0
Costa de Marfil,7.539988999999999,-5.547079999999999,0.0,4.0,4.0,8.0,10.0,8.0,10.0,10.0,6.0,0.0,9.0,12.0,11.0,16.0,14.0,13.0,7.0,1.0,0.0,1.0,1.0,0.0,0.0,3.0,3.0,0.0,1.0,1.0,0.0,0.0,0.0,2.0,2.0,0.0,0.0,0.0,0.0,0.0,1.0,1.0,0.0,0.0,0.0,0.0,0.0,0.0,0.0,0.0
Djibouti,11.825138,42.590275,0.0,0.0,0.0,0.0,0.0,0.0,0.0,0.0,0.0,0.0,0.0,0.0,0.0,0.0,0.0,0.0,0.0,0.0,0.0,0.0,0.0,0.0,0.0,0.0,0.0,0.0,0.0,0.0,0.0,0.0,0.0,0.0,0.0,0.0,0.0,0.0,0.0,0.0,0.0,0.0,0.0,0.0,0.0,0.0,0.0,0.0,0.0,0.0
Egipto,26.820553,30.802498,1.0,3.0,2.0,0.0,0.0,6.0,6.0,4.0,7.0,8.0,6.0,9.0,14.0,16.0,18.0,9.0,11.0,16.0,11.0,11.0,6.0,6.0,4.0,0.0,5.0,6.0,2.0,2.0,2.0,1.0,3.0,3.0,0.0,3.0,4.0,3.0,2.0,2.0,1.0,0.0,0.0,1.0,1.0,0.0,0.0,0.0,0.0,1.0
Eritrea,15.179384,39.782334,0.0,0.0,0.0,0.0,0.0,0.0,0.0,0.0,0.0,0.0,0.0,0.0,0.0,0.0,0.0,0.0,0.0,0.0,0.0,0.0,0.0,0.0,0.0,0.0,0.0,0.0,0.0,0.0,0.0,0.0,0.0,0.0,0.0,0.0,0.0,0.0,0.0,0.0,0.0,0.0,0.0,0.0,0.0,0.0,0.0,0.0,0.0,0.0
Etiopía,9.145000000000001,40.489673,0.0,0.0,0.0,0.0,0.0,0.0,0.0,0.0,0.0,0.0,1.0,1.0,0.0,0.0,0.0,0.0,0.0,0.0,0.0,0.0,1.0,1.0,0.0,0.0,1.0,3.0,2.0,1.0,1.0,0.0,0.0,0.0,0.0,0.0,0.0,0.0,0.0,0.0,0.0,0.0,0.0,0.0,0.0,0.0,0.0,0.0,0.0,0.0
Gabón,-0.803689,11.609444,0.0,0.0,0.0,0.0,0.0,0.0,0.0,0.0,0.0,0.0,0.0,0.0,0.0,0.0,0.0,0.0,0.0,0.0,0.0,0.0,0.0,0.0,0.0,0.0,0.0,0.0,0.0,0.0,0.0,0.0,0.0,1.0,1.0,0.0,0.0,0.0,0.0,0.0,0.0,0.0,1.0,1.0,0.0,0.0,0.0,0.0,0.0,0.0
Gambia,13.443182,-15.310139,56.0,32.0,40.0,52.0,46.0,46.0,49.0,51.0,50.0,55.0,54.0,68.0,78.0,64.0,71.0,72.0,52.0,56.0,54.0,27.0,24.0,17.0,17.0,24.0,11.0,15.0,19.0,11.0,8.0,9.0,7.0,1.0,3.0,6.0,3.0,0.0,0.0,1.0,0.0,0.0,0.0,0.0,1.0,1.0,1.0,0.0,0.0,0.0
Ghana,7.946527,-1.023194,1.0,4.0,13.0,17.0,16.0,15.0,14.0,10.0,13.0,27.0,34.0,30.0,27.0,27.0,28.0,33.0,39.0,44.0,33.0,22.0,21.0,14.0,21.0,24.0,18.0,13.0,4.0,10.0,13.0,7.0,5.0,4.0,6.0,7.0,2.0,1.0,1.0,1.0,1.0,0.0,0.0,0.0,0.0,0.0,0.0,4.0,4.0,0.0
Guinea,9.945587,-9.696645,21.0,22.0,12.0,26.0,22.0,13.0,11.0,12.0,23.0,29.0,27.0,13.0,12.0,16.0,18.0,13.0,23.0,25.0,8.0,12.0,11.0,5.0,3.0,11.0,10.0,5.0,8.0,8.0,3.0,5.0,9.0,5.0,1.0,3.0,2.0,0.0,1.0,1.0,0.0,0.0,0.0,0.0,0.0,1.0,1.0,0.0,0.0,0.0
Guinea Ecuatorial,1.650801,10.267895,21.0,25.0,28.0,30.0,37.0,31.0,39.0,41.0,36.0,32.0,26.0,20.0,20.0,28.0,27.0,22.0,42.0,46.0,28.0,20.0,12.0,19.0,17.0,9.0,9.0,5.0,12.0,20.0,16.0,8.0,7.0,9.0,10.0,12.0,7.0,3.0,17.0,16.0,2.0,6.0,7.0,5.0,6.0,7.0,11.0,11.0,4.0,4.0
Guinea-Bissau,11.803749,-15.180413,1.0,1.0,0.0,2.0,6.0,7.0,3.0,2.0,3.0,2.0,0.0,1.0,1.0,1.0,9.0,9.0,2.0,7.0,11.0,6.0,1.0,1.0,3.0,5.0,8.0,8.0,10.0,12.0,4.0,0.0,0.0,1.0,1.0,0.0,1.0,1.0,0.0,0.0,0.0,0.0,0.0,0.0,0.0,0.0,2.0,2.0,0.0,0.0
Kenia,-0.023559,37.906193,0.0,0.0,0.0,0.0,0.0,0.0,1.0,1.0,0.0,1.0,1.0,1.0,1.0,1.0,1.0,0.0,0.0,1.0,2.0,1.0,0.0,0.0,1.0,1.0,0.0,0.0,1.0,1.0,0.0,1.0,1.0,1.0,2.0,1.0,0.0,0.0,0.0,0.0,1.0,1.0,0.0,0.0,0.0,0.0,0.0,0.0,0.0,0.0
Lesotho,-29.609988,28.233608,0.0,0.0,0.0,0.0,0.0,0.0,0.0,0.0,0.0,0.0,0.0,0.0,0.0,0.0,0.0,0.0,0.0,0.0,0.0,0.0,0.0,0.0,0.0,0.0,0.0,0.0,0.0,0.0,0.0,0.0,0.0,0.0,0.0,0.0,0.0,0.0,0.0,0.0,0.0,0.0,0.0,0.0,0.0,0.0,0.0,0.0,0.0,0.0
Liberia,6.428055,-9.429499000000002,0.0,0.0,0.0,0.0,0.0,0.0,0.0,0.0,0.0,0.0,0.0,0.0,0.0,0.0,0.0,0.0,1.0,1.0,0.0,0.0,0.0,0.0,0.0,0.0,0.0,0.0,0.0,0.0,0.0,0.0,1.0,1.0,0.0,0.0,0.0,0.0,0.0,0.0,0.0,0.0,0.0,0.0,0.0,0.0,0.0,0.0,0.0,0.0
Libia,26.3351,17.228331,0.0,0.0,0.0,0.0,0.0,0.0,0.0,0.0,0.0,0.0,0.0,0.0,0.0,0.0,0.0,0.0,0.0,0.0,0.0,0.0,0.0,0.0,0.0,0.0,0.0,0.0,0.0,0.0,0.0,0.0,0.0,0.0,0.0,0.0,1.0,1.0,0.0,0.0,0.0,0.0,0.0,0.0,0.0,0.0,0.0,0.0,0.0,0.0
Madagascar,-18.766947,46.869107,0.0,0.0,0.0,0.0,0.0,0.0,0.0,0.0,0.0,0.0,0.0,0.0,0.0,0.0,0.0,0.0,0.0,0.0,0.0,0.0,0.0,0.0,0.0,0.0,0.0,0.0,0.0,0.0,0.0,0.0,0.0,0.0,0.0,0.0,0.0,0.0,0.0,0.0,0.0,0.0,0.0,0.0,0.0,0.0,0.0,0.0,0.0,0.0
Malawi,-13.254308,34.301525,0.0,0.0,0.0,0.0,0.0,0.0,0.0,0.0,0.0,0.0,0.0,0.0,0.0,0.0,0.0,0.0,0.0,0.0,0.0,0.0,0.0,0.0,0.0,0.0,0.0,0.0,0.0,0.0,0.0,0.0,0.0,0.0,0.0,0.0,0.0,0.0,0.0,0.0,0.0,0.0,0.0,0.0,0.0,0.0,0.0,0.0,0.0,0.0
Malí,17.570692,-3.996166,17.0,49.0,65.0,53.0,60.0,71.0,105.0,113.0,123.0,153.0,187.0,212.0,213.0,203.0,180.0,161.0,125.0,101.0,75.0,61.0,88.0,55.0,34.0,53.0,36.0,19.0,11.0,10.0,7.0,2.0,0.0,1.0,11.0,11.0,0.0,0.0,1.0,1.0,1.0,0.0,0.0,0.0,0.0,0.0,0.0,0.0,0.0,0.0
Marruecos,31.791702,-7.092619999999999,440.0,532.0,588.0,641.0,795.0,1088.0,1300.0,1353.0,1463.0,1635.0,1711.0,1728.0,1734.0,1895.0,1829.0,1547.0,1509.0,1406.0,1338.0,1277.0,1142.0,1074.0,993.0,810.0,696.0,695.0,605.0,540.0,494.0,419.0,384.0,354.0,329.0,278.0,240.0,243.0,184.0,151.0,157.0,123.0,119.0,139.0,136.0,112.0,96.0,94.0,78.0,49.0
Mauricio,-20.348404,57.55215200000001,0.0,0.0,0.0,0.0,0.0,0.0,0.0,0.0,0.0,0.0,0.0,0.0,0.0,0.0,0.0,0.0,0.0,0.0,0.0,0.0,0.0,0.0,0.0,0.0,0.0,0.0,0.0,0.0,0.0,0.0,0.0,0.0,0.0,0.0,0.0,0.0,0.0,0.0,0.0,0.0,0.0,0.0,0.0,0.0,0.0,0.0,0.0,0.0
Mauritania,21.00789,-10.940835,3.0,2.0,4.0,2.0,6.0,6.0,2.0,5.0,6.0,9.0,10.0,11.0,14.0,35.0,35.0,18.0,29.0,27.0,21.0,18.0,8.0,4.0,15.0,19.0,19.0,13.0,7.0,12.0,9.0,10.0,11.0,3.0,3.0,10.0,9.0,1.0,1.0,0.0,0.0,2.0,4.0,2.0,1.0,1.0,0.0,0.0,0.0,0.0
Mozambique,-18.665695,35.529562,0.0,0.0,0.0,0.0,0.0,0.0,0.0,0.0,0.0,1.0,1.0,0.0,1.0,2.0,1.0,0.0,1.0,1.0,2.0,2.0,3.0,4.0,2.0,1.0,2.0,2.0,0.0,1.0,2.0,3.0,2.0,1.0,0.0,0.0,0.0,2.0,2.0,0.0,0.0,0.0,0.0,0.0,0.0,0.0,0.0,0.0,0.0,0.0
Namibia,-22.95764,18.49041,0.0,0.0,0.0,0.0,0.0,0.0,0.0,0.0,0.0,0.0,1.0,1.0,0.0,0.0,0.0,0.0,0.0,0.0,0.0,0.0,0.0,0.0,0.0,0.0,0.0,1.0,1.0,2.0,3.0,1.0,1.0,1.0,0.0,0.0,1.0,1.0,0.0,0.0,0.0,0.0,0.0,0.0,1.0,1.0,0.0,0.0,0.0,0.0
Níger,17.607789,8.081666,0.0,0.0,0.0,0.0,0.0,0.0,0.0,0.0,0.0,0.0,0.0,0.0,0.0,1.0,1.0,0.0,3.0,3.0,0.0,0.0,0.0,0.0,0.0,0.0,0.0,0.0,0.0,2.0,2.0,0.0,0.0,0.0,0.0,0.0,0.0,0.0,0.0,0.0,0.0,0.0,0.0,0.0,0.0,0.0,0.0,0.0,0.0,0.0
Nigeria,9.081999,8.675277,3.0,11.0,18.0,27.0,28.0,28.0,37.0,34.0,40.0,48.0,71.0,70.0,91.0,102.0,100.0,117.0,105.0,130.0,130.0,89.0,72.0,73.0,69.0,55.0,41.0,37.0,33.0,26.0,12.0,16.0,20.0,7.0,11.0,17.0,7.0,2.0,1.0,3.0,3.0,3.0,3.0,2.0,2.0,0.0,0.0,0.0,0.0,0.0
Rep.Democrática del Congo,,,0.0,0.0,0.0,0.0,0.0,0.0,0.0,0.0,0.0,0.0,0.0,0.0,0.0,0.0,0.0,0.0,0.0,0.0,0.0,0.0,0.0,0.0,0.0,0.0,0.0,0.0,0.0,0.0,0.0,0.0,0.0,0.0,0.0,0.0,0.0,0.0,0.0,0.0,0.0,0.0,0.0,0.0,0.0,0.0,0.0,0.0,0.0,0.0
República Centroafricana,6.611110999999999,20.939444,0.0,0.0,1.0,0.0,0.0,3.0,4.0,2.0,3.0,2.0,2.0,3.0,2.0,1.0,2.0,2.0,2.0,1.0,1.0,2.0,2.0,0.0,0.0,0.0,0.0,0.0,0.0,0.0,0.0,0.0,0.0,0.0,1.0,1.0,0.0,0.0,0.0,0.0,0.0,0.0,0.0,0.0,0.0,0.0,0.0,0.0,0.0,0.0
Ruanda,-1.940278,29.873888,0.0,0.0,0.0,0.0,0.0,0.0,0.0,0.0,0.0,1.0,5.0,4.0,0.0,0.0,0.0,0.0,0.0,0.0,0.0,1.0,1.0,0.0,0.0,0.0,0.0,0.0,0.0,0.0,0.0,0.0,0.0,0.0,0.0,0.0,0.0,0.0,0.0,0.0,0.0,0.0,1.0,1.0,0.0,0.0,0.0,0.0,0.0,0.0
Santo Tomé y Príncipe,0.18636,6.613080999999999,0.0,0.0,0.0,0.0,0.0,0.0,0.0,0.0,0.0,0.0,0.0,0.0,0.0,0.0,0.0,0.0,0.0,0.0,0.0,0.0,0.0,0.0,0.0,0.0,0.0,0.0,0.0,0.0,0.0,0.0,0.0,0.0,0.0,0.0,0.0,0.0,0.0,0.0,0.0,0.0,0.0,0.0,0.0,0.0,0.0,0.0,0.0,0.0
Senegal,14.497401,-14.452362,21.0,34.0,64.0,83.0,91.0,89.0,82.0,143.0,184.0,223.0,256.0,264.0,300.0,249.0,210.0,242.0,242.0,190.0,191.0,194.0,146.0,125.0,120.0,107.0,80.0,78.0,81.0,75.0,65.0,49.0,24.0,14.0,20.0,15.0,19.0,30.0,20.0,17.0,15.0,4.0,4.0,5.0,1.0,4.0,4.0,1.0,2.0,3.0
Seychelles,-4.679574,55.491977,0.0,0.0,0.0,0.0,0.0,0.0,0.0,0.0,0.0,0.0,0.0,0.0,0.0,0.0,0.0,0.0,0.0,0.0,0.0,0.0,0.0,0.0,0.0,0.0,0.0,0.0,0.0,0.0,0.0,0.0,0.0,0.0,0.0,0.0,0.0,0.0,0.0,0.0,0.0,0.0,0.0,0.0,0.0,0.0,0.0,0.0,0.0,0.0
Sierra Leona,8.460555,-11.779889,0.0,0.0,0.0,0.0,0.0,0.0,0.0,2.0,2.0,0.0,0.0,0.0,1.0,1.0,0.0,0.0,2.0,3.0,1.0,0.0,0.0,0.0,0.0,2.0,2.0,0.0,0.0,0.0,0.0,0.0,0.0,0.0,0.0,0.0,0.0,0.0,0.0,0.0,0.0,0.0,0.0,0.0,0.0,0.0,0.0,0.0,0.0,0.0
Somalia,5.152149,46.199616,0.0,0.0,0.0,0.0,0.0,0.0,0.0,0.0,0.0,0.0,0.0,0.0,0.0,0.0,0.0,0.0,0.0,0.0,0.0,0.0,0.0,0.0,0.0,0.0,0.0,0.0,0.0,0.0,0.0,0.0,0.0,0.0,0.0,0.0,0.0,0.0,0.0,0.0,0.0,0.0,0.0,0.0,0.0,0.0,0.0,0.0,0.0,0.0
Sudáfrica,-30.559482,22.937506,0.0,0.0,0.0,0.0,1.0,1.0,2.0,3.0,3.0,2.0,1.0,2.0,4.0,3.0,2.0,4.0,5.0,3.0,1.0,4.0,9.0,7.0,3.0,3.0,0.0,2.0,2.0,3.0,5.0,2.0,1.0,1.0,0.0,0.0,0.0,0.0,0.0,1.0,1.0,0.0,1.0,1.0,0.0,0.0,0.0,1.0,1.0,0.0
Sudán,12.862807,30.217636,0.0,0.0,0.0,1.0,1.0,0.0,0.0,0.0,0.0,0.0,1.0,2.0,2.0,2.0,2.0,3.0,1.0,2.0,3.0,3.0,3.0,2.0,2.0,2.0,1.0,1.0,1.0,0.0,0.0,1.0,1.0,0.0,0.0,0.0,0.0,0.0,0.0,0.0,0.0,0.0,0.0,0.0,0.0,0.0,0.0,0.0,0.0,0.0
Swazilandia,-26.522503,31.465866,0.0,0.0,0.0,0.0,0.0,0.0,0.0,0.0,0.0,0.0,0.0,0.0,0.0,0.0,0.0,0.0,0.0,0.0,0.0,0.0,0.0,0.0,0.0,0.0,0.0,0.0,0.0,0.0,0.0,0.0,0.0,0.0,0.0,0.0,0.0,0.0,0.0,0.0,0.0,0.0,0.0,0.0,0.0,0.0,0.0,0.0,0.0,0.0
Tanzania,-6.369028,34.888822,1.0,0.0,0.0,0.0,0.0,0.0,1.0,1.0,0.0,1.0,1.0,0.0,0.0,1.0,1.0,0.0,3.0,3.0,0.0,0.0,0.0,1.0,1.0,1.0,1.0,0.0,0.0,0.0,0.0,0.0,0.0,0.0,0.0,0.0,0.0,0.0,0.0,0.0,0.0,0.0,0.0,0.0,0.0,1.0,1.0,0.0,0.0,0.0
Togo,8.619543,0.824782,0.0,0.0,0.0,0.0,0.0,0.0,0.0,0.0,0.0,0.0,0.0,0.0,0.0,0.0,0.0,0.0,0.0,0.0,0.0,0.0,0.0,0.0,0.0,0.0,0.0,0.0,0.0,0.0,0.0,0.0,0.0,0.0,0.0,0.0,0.0,0.0,0.0,0.0,0.0,1.0,1.0,0.0,0.0,0.0,0.0,0.0,0.0,0.0
Túnez,33.886917,9.537499,0.0,0.0,0.0,0.0,0.0,0.0,0.0,0.0,0.0,1.0,0.0,1.0,1.0,1.0,1.0,1.0,2.0,2.0,1.0,0.0,1.0,3.0,3.0,1.0,0.0,1.0,2.0,3.0,2.0,0.0,0.0,0.0,1.0,1.0,1.0,2.0,1.0,0.0,0.0,0.0,0.0,0.0,0.0,0.0,0.0,0.0,0.0,0.0
Uganda,1.373333,32.290275,0.0,0.0,0.0,0.0,0.0,0.0,0.0,0.0,0.0,0.0,0.0,0.0,0.0,0.0,0.0,0.0,0.0,1.0,1.0,2.0,1.0,0.0,0.0,0.0,0.0,0.0,0.0,0.0,0.0,0.0,0.0,1.0,1.0,0.0,0.0,0.0,0.0,0.0,0.0,0.0,0.0,0.0,0.0,1.0,1.0,0.0,0.0,0.0
Zambia,-13.133897,27.849332,0.0,0.0,0.0,0.0,0.0,0.0,0.0,0.0,0.0,0.0,0.0,0.0,0.0,0.0,0.0,0.0,0.0,0.0,0.0,0.0,0.0,0.0,0.0,0.0,0.0,0.0,0.0,0.0,0.0,0.0,0.0,0.0,0.0,0.0,0.0,0.0,0.0,0.0,0.0,0.0,0.0,0.0,0.0,0.0,0.0,0.0,0.0,0.0
Zimbabwe,-19.015438,29.154857,0.0,0.0,0.0,0.0,0.0,0.0,0.0,0.0,0.0,0.0,0.0,0.0,0.0,0.0,0.0,0.0,0.0,0.0,1.0,1.0,0.0,0.0,0.0,0.0,0.0,0.0,0.0,0.0,0.0,0.0,0.0,0.0,0.0,0.0,0.0,0.0,0.0,0.0,0.0,0.0,0.0,0.0,0.0,0.0,0.0,0.0,0.0,0.0
Países de África sin relaciones diplomáticas,,,0.0,0.0,0.0,0.0,0.0,0.0,0.0,0.0,0.0,0.0,0.0,0.0,0.0,0.0,0.0,0.0,0.0,0.0,0.0,0.0,0.0,0.0,0.0,0.0,0.0,0.0,0.0,0.0,0.0,0.0,0.0,0.0,0.0,0.0,0.0,0.0,0.0,0.0,0.0,0.0,0.0,0.0,0.0,0.0,0.0,0.0,0.0,0.0
TOTAL AMÉRICA DEL NORTE, , ,71.0,64.0,72.0,111.0,122.0,114.0,122.0,168.0,234.0,238.0,207.0,182.0,209.0,229.0,226.0,216.0,179.0,175.0,181.0,170.0,169.0,180.0,157.0,143.0,123.0,133.0,150.0,113.0,116.0,126.0,99.0,76.0,74.0,69.0,54.0,45.0,55.0,61.0,54.0,49.0,50.0,39.0,36.0,50.0,44.0,36.0,35.0,45.0
Canadá,56.130366,-106.346771,8.0,3.0,1.0,7.0,8.0,4.0,4.0,6.0,8.0,9.0,10.0,10.0,11.0,12.0,16.0,18.0,14.0,19.0,23.0,20.0,14.0,13.0,22.0,27.0,18.0,16.0,15.0,8.0,9.0,12.0,11.0,8.0,9.0,4.0,1.0,2.0,1.0,1.0,2.0,6.0,7.0,5.0,4.0,4.0,4.0,2.0,1.0,6.0
EEUU,37.09024,-95.712891,50.0,53.0,54.0,80.0,81.0,63.0,71.0,91.0,104.0,98.0,91.0,88.0,112.0,118.0,102.0,102.0,105.0,109.0,101.0,103.0,102.0,108.0,98.0,82.0,75.0,75.0,88.0,74.0,59.0,69.0,64.0,56.0,54.0,44.0,33.0,28.0,38.0,41.0,37.0,27.0,26.0,23.0,25.0,41.0,34.0,26.0,23.0,28.0
México,23.634501,-102.552784,13.0,8.0,16.0,23.0,33.0,47.0,47.0,71.0,122.0,131.0,106.0,84.0,85.0,99.0,108.0,96.0,60.0,47.0,57.0,47.0,53.0,59.0,37.0,35.0,30.0,42.0,47.0,30.0,48.0,45.0,24.0,13.0,11.0,21.0,20.0,15.0,16.0,20.0,15.0,15.0,18.0,11.0,8.0,6.0,6.0,9.0,11.0,12.0
TOTAL CENTROAMÉRICA Y CARIBE,,,67.0,69.0,73.0,101.0,110.0,133.0,162.0,185.0,197.0,174.0,168.0,209.0,239.0,266.0,233.0,202.0,242.0,269.0,260.0,185.0,151.0,170.0,180.0,162.0,134.0,111.0,103.0,115.0,118.0,93.0,87.0,90.0,70.0,62.0,63.0,55.0,43.0,45.0,55.0,42.0,30.0,49.0,41.0,24.0,23.0,29.0,31.0,22.0
Antigua y Barbuda,17.060816,-61.796428,0.0,0.0,0.0,0.0,0.0,0.0,0.0,0.0,0.0,0.0,0.0,0.0,0.0,0.0,0.0,0.0,0.0,0.0,0.0,0.0,0.0,0.0,0.0,0.0,0.0,0.0,0.0,0.0,0.0,0.0,0.0,0.0,0.0,0.0,0.0,0.0,0.0,0.0,0.0,0.0,0.0,0.0,0.0,0.0,0.0,0.0,0.0,0.0
Bahamas,25.03428,-77.39627999999999,0.0,0.0,0.0,0.0,0.0,0.0,0.0,0.0,0.0,0.0,0.0,0.0,0.0,0.0,0.0,0.0,0.0,0.0,0.0,0.0,0.0,0.0,0.0,0.0,0.0,0.0,0.0,0.0,0.0,0.0,0.0,0.0,0.0,0.0,0.0,0.0,0.0,0.0,0.0,0.0,0.0,0.0,0.0,0.0,0.0,0.0,0.0,0.0
Barbados,13.193887,-59.543198,0.0,0.0,0.0,0.0,0.0,0.0,0.0,0.0,0.0,0.0,0.0,0.0,0.0,0.0,0.0,0.0,0.0,0.0,0.0,0.0,0.0,0.0,0.0,0.0,0.0,0.0,0.0,0.0,0.0,0.0,0.0,0.0,0.0,0.0,0.0,0.0,0.0,0.0,0.0,0.0,0.0,0.0,0.0,0.0,0.0,0.0,0.0,0.0
Belice,17.189877,-88.49765,0.0,0.0,0.0,0.0,0.0,0.0,0.0,0.0,0.0,0.0,0.0,0.0,0.0,0.0,0.0,0.0,0.0,0.0,0.0,0.0,0.0,0.0,0.0,0.0,0.0,0.0,0.0,0.0,0.0,0.0,0.0,0.0,1.0,1.0,0.0,0.0,0.0,0.0,0.0,0.0,0.0,0.0,0.0,0.0,0.0,0.0,0.0,0.0
Costa Rica,9.748916999999999,-83.753428,0.0,0.0,2.0,4.0,2.0,2.0,10.0,10.0,6.0,5.0,5.0,12.0,14.0,12.0,6.0,6.0,8.0,6.0,4.0,5.0,8.0,4.0,1.0,1.0,0.0,2.0,2.0,3.0,3.0,0.0,0.0,2.0,3.0,2.0,1.0,1.0,3.0,3.0,0.0,0.0,0.0,0.0,0.0,0.0,0.0,1.0,1.0,1.0
Cuba,21.521757,-77.781167,11.0,8.0,8.0,24.0,36.0,25.0,17.0,18.0,21.0,18.0,18.0,30.0,31.0,25.0,21.0,25.0,32.0,49.0,51.0,25.0,18.0,20.0,26.0,26.0,27.0,32.0,30.0,30.0,30.0,32.0,22.0,23.0,23.0,12.0,7.0,13.0,17.0,12.0,15.0,14.0,5.0,7.0,10.0,10.0,9.0,16.0,15.0,10.0
Dominica,15.414999,-61.37097600000001,0.0,0.0,0.0,0.0,0.0,0.0,0.0,1.0,1.0,0.0,0.0,0.0,1.0,1.0,1.0,0.0,1.0,1.0,0.0,0.0,0.0,0.0,1.0,0.0,0.0,0.0,0.0,0.0,0.0,0.0,0.0,0.0,1.0,1.0,0.0,0.0,0.0,0.0,0.0,0.0,0.0,0.0,0.0,0.0,0.0,0.0,0.0,0.0
El Salvador,13.794185,-88.89653,0.0,1.0,1.0,2.0,4.0,4.0,5.0,8.0,13.0,10.0,5.0,15.0,15.0,11.0,12.0,6.0,4.0,9.0,16.0,19.0,15.0,12.0,7.0,5.0,9.0,14.0,11.0,3.0,1.0,1.0,3.0,4.0,4.0,4.0,3.0,3.0,0.0,0.0,0.0,0.0,1.0,1.0,0.0,0.0,1.0,1.0,0.0,0.0
Granada,37.1773363,-3.5985571,0.0,0.0,0.0,0.0,0.0,0.0,0.0,0.0,0.0,0.0,0.0,0.0,0.0,0.0,0.0,0.0,0.0,0.0,0.0,0.0,0.0,0.0,0.0,0.0,0.0,0.0,0.0,0.0,0.0,0.0,0.0,0.0,0.0,0.0,0.0,0.0,0.0,0.0,0.0,0.0,0.0,0.0,0.0,0.0,0.0,0.0,0.0,0.0
Guatemala,15.783471,-90.23075899999999,0.0,0.0,11.0,16.0,8.0,12.0,14.0,6.0,3.0,8.0,16.0,14.0,8.0,15.0,16.0,8.0,5.0,1.0,7.0,10.0,5.0,9.0,11.0,7.0,9.0,9.0,6.0,1.0,1.0,5.0,4.0,1.0,1.0,0.0,0.0,3.0,3.0,0.0,1.0,2.0,2.0,1.0,0.0,1.0,1.0,0.0,0.0,0.0
Haití,18.971187,-72.285215,0.0,0.0,0.0,0.0,0.0,0.0,0.0,0.0,1.0,1.0,0.0,0.0,0.0,1.0,1.0,0.0,0.0,0.0,0.0,0.0,0.0,0.0,0.0,0.0,0.0,0.0,0.0,0.0,0.0,0.0,0.0,0.0,1.0,1.0,0.0,0.0,0.0,0.0,1.0,1.0,0.0,0.0,0.0,0.0,0.0,0.0,0.0,0.0
Honduras,15.199999,-86.241905,9.0,11.0,15.0,18.0,20.0,26.0,44.0,46.0,50.0,47.0,18.0,19.0,41.0,54.0,54.0,50.0,36.0,41.0,41.0,24.0,25.0,23.0,31.0,34.0,21.0,10.0,6.0,14.0,26.0,20.0,15.0,12.0,11.0,14.0,9.0,6.0,3.0,7.0,13.0,7.0,2.0,16.0,14.0,1.0,1.0,0.0,1.0,1.0
Jamaica,18.109581,-77.297508,0.0,0.0,0.0,0.0,0.0,0.0,0.0,0.0,0.0,0.0,0.0,0.0,1.0,1.0,1.0,1.0,0.0,0.0,0.0,0.0,0.0,0.0,0.0,0.0,0.0,0.0,0.0,0.0,0.0,0.0,0.0,0.0,0.0,0.0,0.0,0.0,0.0,0.0,0.0,0.0,0.0,0.0,0.0,0.0,0.0,0.0,0.0,0.0
Nicaragua,12.865416,-85.207229,1.0,1.0,1.0,1.0,1.0,14.0,18.0,21.0,23.0,23.0,34.0,36.0,28.0,21.0,13.0,11.0,31.0,25.0,7.0,9.0,7.0,8.0,8.0,3.0,9.0,8.0,3.0,6.0,4.0,3.0,7.0,5.0,2.0,3.0,3.0,1.0,1.0,3.0,4.0,2.0,1.0,0.0,2.0,2.0,0.0,2.0,2.0,1.0
Panamá,8.537981,-80.782127,7.0,4.0,2.0,1.0,4.0,4.0,1.0,4.0,5.0,4.0,10.0,11.0,9.0,7.0,2.0,1.0,3.0,8.0,12.0,8.0,11.0,12.0,4.0,3.0,4.0,6.0,5.0,5.0,10.0,8.0,4.0,4.0,2.0,6.0,6.0,5.0,5.0,4.0,2.0,3.0,5.0,4.0,1.0,2.0,2.0,1.0,2.0,2.0
República Dominicana,18.735693,-70.162651,39.0,43.0,34.0,35.0,33.0,46.0,53.0,71.0,74.0,58.0,60.0,73.0,91.0,118.0,106.0,93.0,122.0,130.0,122.0,83.0,61.0,80.0,91.0,84.0,54.0,30.0,40.0,54.0,43.0,24.0,31.0,39.0,21.0,19.0,32.0,22.0,11.0,16.0,19.0,11.0,13.0,20.0,13.0,9.0,9.0,8.0,10.0,6.0
San Cristóbal y Nieves,17.357822,-62.782998,0.0,0.0,0.0,0.0,1.0,1.0,0.0,0.0,0.0,0.0,0.0,0.0,0.0,0.0,0.0,0.0,0.0,0.0,0.0,0.0,0.0,0.0,0.0,0.0,0.0,0.0,0.0,0.0,0.0,0.0,0.0,0.0,0.0,0.0,0.0,0.0,0.0,0.0,0.0,0.0,0.0,0.0,0.0,0.0,0.0,0.0,0.0,0.0
San Vicente y las Granadinas,13.2533835,-61.196251,0.0,0.0,0.0,0.0,0.0,0.0,0.0,0.0,0.0,0.0,0.0,0.0,0.0,0.0,0.0,0.0,0.0,0.0,0.0,0.0,0.0,0.0,0.0,0.0,0.0,0.0,0.0,0.0,0.0,0.0,0.0,0.0,0.0,0.0,0.0,0.0,0.0,0.0,0.0,0.0,0.0,0.0,0.0,0.0,0.0,0.0,0.0,0.0
Santa Lucía,13.909444,-60.978893,0.0,0.0,0.0,0.0,0.0,0.0,0.0,0.0,0.0,0.0,0.0,0.0,0.0,0.0,0.0,0.0,0.0,0.0,0.0,0.0,0.0,0.0,0.0,0.0,0.0,0.0,0.0,0.0,0.0,0.0,0.0,0.0,0.0,0.0,0.0,0.0,0.0,0.0,0.0,0.0,0.0,0.0,0.0,0.0,0.0,0.0,0.0,0.0
Trinidad y Tobago,10.691803,-61.222503,0.0,0.0,0.0,0.0,0.0,0.0,0.0,0.0,0.0,0.0,0.0,0.0,0.0,0.0,0.0,0.0,0.0,0.0,0.0,1.0,1.0,1.0,1.0,0.0,0.0,0.0,0.0,0.0,0.0,0.0,0.0,0.0,1.0,1.0,1.0,1.0,0.0,0.0,0.0,1.0,1.0,0.0,0.0,0.0,0.0,0.0,0.0,0.0
Países de América sin relaciones diplomáticas,,,0.0,0.0,0.0,0.0,0.0,0.0,0.0,0.0,0.0,0.0,0.0,0.0,0.0,0.0,0.0,0.0,0.0,0.0,0.0,0.0,0.0,0.0,0.0,0.0,0.0,0.0,0.0,0.0,0.0,0.0,0.0,0.0,0.0,0.0,0.0,0.0,0.0,0.0,0.0,0.0,0.0,0.0,0.0,0.0,0.0,0.0,0.0,0.0
TOTAL SUDAMÉRICA, , ,928.0,971.0,965.0,1034.0,1237.0,1389.0,1601.0,1875.0,2097.0,2334.0,2547.0,2717.0,2804.0,2827.0,2719.0,2672.0,2630.0,2396.0,2154.0,2035.0,1956.0,1881.0,1732.0,1593.0,1570.0,1449.0,1340.0,1303.0,1251.0,1127.0,991.0,852.0,706.0,650.0,655.0,585.0,531.0,479.0,397.0,387.0,357.0,302.0,274.0,274.0,259.0,235.0,200.0,167.0
Argentina,-38.416097,-63.61667199999999,66.0,62.0,84.0,92.0,99.0,125.0,163.0,180.0,185.0,225.0,223.0,218.0,253.0,278.0,306.0,305.0,291.0,285.0,238.0,208.0,180.0,203.0,209.0,140.0,118.0,115.0,107.0,106.0,90.0,85.0,84.0,88.0,91.0,63.0,62.0,79.0,64.0,42.0,32.0,41.0,43.0,38.0,43.0,52.0,49.0,40.0,42.0,48.0
Bolivia,-16.290154,-63.58865299999999,95.0,106.0,94.0,111.0,161.0,219.0,270.0,316.0,400.0,466.0,477.0,513.0,576.0,575.0,488.0,481.0,492.0,464.0,416.0,388.0,394.0,345.0,299.0,279.0,291.0,254.0,209.0,201.0,218.0,173.0,131.0,118.0,66.0,76.0,85.0,66.0,50.0,55.0,57.0,47.0,39.0,34.0,24.0,15.0,24.0,35.0,24.0,6.0
Brasil,-14.235004,-51.92528,84.0,91.0,76.0,99.0,149.0,165.0,217.0,274.0,284.0,325.0,363.0,374.0,381.0,344.0,309.0,301.0,278.0,233.0,216.0,222.0,196.0,183.0,156.0,139.0,125.0,117.0,147.0,152.0,117.0,97.0,94.0,69.0,54.0,58.0,57.0,50.0,38.0,22.0,23.0,20.0,19.0,32.0,29.0,15.0,11.0,13.0,11.0,10.0
Chile,-35.675147,-71.542969,20.0,24.0,26.0,33.0,42.0,65.0,95.0,78.0,62.0,77.0,88.0,121.0,139.0,121.0,121.0,98.0,82.0,102.0,108.0,98.0,76.0,58.0,54.0,65.0,77.0,89.0,93.0,72.0,62.0,60.0,52.0,53.0,44.0,32.0,31.0,30.0,30.0,22.0,19.0,19.0,20.0,17.0,11.0,20.0,19.0,20.0,16.0,5.0
Colombia,4.570868,-74.297333,181.0,212.0,222.0,219.0,208.0,171.0,190.0,266.0,282.0,264.0,306.0,355.0,367.0,374.0,361.0,377.0,364.0,300.0,284.0,264.0,277.0,288.0,268.0,289.0,294.0,226.0,174.0,192.0,205.0,200.0,175.0,127.0,104.0,89.0,85.0,71.0,56.0,81.0,77.0,62.0,53.0,42.0,40.0,34.0,26.0,18.0,20.0,15.0
Ecuador,-1.831239,-78.18340599999999,302.0,286.0,244.0,225.0,244.0,251.0,256.0,296.0,355.0,387.0,444.0,476.0,458.0,487.0,490.0,487.0,465.0,400.0,350.0,338.0,338.0,341.0,327.0,275.0,273.0,293.0,295.0,285.0,282.0,243.0,195.0,191.0,148.0,113.0,135.0,113.0,116.0,108.0,73.0,60.0,56.0,49.0,54.0,58.0,49.0,49.0,25.0,18.0
Guyana,4.860416,-58.93018,0.0,0.0,0.0,0.0,0.0,0.0,0.0,0.0,0.0,0.0,0.0,0.0,0.0,0.0,0.0,0.0,0.0,0.0,0.0,0.0,0.0,0.0,0.0,0.0,0.0,0.0,0.0,0.0,0.0,0.0,0.0,0.0,0.0,0.0,0.0,0.0,0.0,0.0,0.0,0.0,0.0,0.0,0.0,0.0,0.0,0.0,0.0,0.0
Paraguay,-23.442503,-58.443832,39.0,46.0,54.0,69.0,120.0,160.0,158.0,180.0,217.0,269.0,276.0,252.0,208.0,211.0,226.0,180.0,177.0,161.0,151.0,147.0,141.0,118.0,107.0,115.0,100.0,106.0,91.0,64.0,60.0,61.0,69.0,56.0,39.0,46.0,41.0,29.0,25.0,29.0,33.0,41.0,40.0,23.0,17.0,10.0,6.0,3.0,2.0,5.0
Perú,-9.189967,-75.015152,68.0,73.0,80.0,87.0,101.0,117.0,130.0,159.0,170.0,180.0,226.0,245.0,255.0,249.0,248.0,281.0,300.0,283.0,239.0,228.0,224.0,236.0,209.0,193.0,204.0,178.0,145.0,133.0,133.0,118.0,114.0,98.0,88.0,108.0,95.0,74.0,77.0,56.0,36.0,53.0,46.0,20.0,17.0,27.0,20.0,7.0,16.0,17.0
Surinam,3.919305,-56.027783,0.0,0.0,0.0,0.0,0.0,0.0,0.0,0.0,0.0,0.0,0.0,0.0,0.0,0.0,0.0,0.0,0.0,0.0,0.0,0.0,0.0,0.0,0.0,0.0,0.0,0.0,0.0,0.0,0.0,0.0,0.0,0.0,0.0,0.0,0.0,0.0,0.0,0.0,0.0,0.0,0.0,0.0,0.0,0.0,0.0,0.0,0.0,0.0
Uruguay,-32.522779,-55.765835,21.0,23.0,30.0,47.0,47.0,38.0,47.0,38.0,36.0,42.0,50.0,56.0,67.0,87.0,66.0,62.0,75.0,73.0,64.0,54.0,52.0,40.0,33.0,39.0,43.0,27.0,22.0,39.0,34.0,36.0,33.0,13.0,14.0,12.0,15.0,21.0,28.0,25.0,18.0,17.0,13.0,12.0,10.0,11.0,17.0,15.0,10.0,10.0
Venezuela,6.42375,-66.58973,52.0,48.0,55.0,53.0,66.0,78.0,75.0,87.0,106.0,99.0,94.0,108.0,100.0,100.0,104.0,101.0,108.0,97.0,87.0,88.0,78.0,70.0,71.0,59.0,45.0,44.0,56.0,57.0,50.0,54.0,45.0,38.0,59.0,54.0,47.0,52.0,49.0,39.0,29.0,26.0,30.0,36.0,29.0,32.0,37.0,35.0,34.0,33.0
TOTAL ASIA, , ,397.0,445.0,523.0,615.0,673.0,688.0,706.0,828.0,961.0,1029.0,1105.0,1284.0,1345.0,1253.0,1332.0,1361.0,1250.0,1231.0,1137.0,1034.0,1033.0,991.0,924.0,895.0,894.0,787.0,628.0,578.0,525.0,525.0,478.0,367.0,331.0,276.0,252.0,234.0,197.0,165.0,120.0,114.0,92.0,57.0,52.0,38.0,21.0,26.0,34.0,32.0
Afganistán,33.93911,67.709953,0.0,0.0,0.0,0.0,0.0,0.0,0.0,0.0,1.0,1.0,0.0,2.0,2.0,0.0,0.0,0.0,0.0,0.0,0.0,0.0,0.0,0.0,1.0,1.0,2.0,1.0,0.0,0.0,1.0,1.0,0.0,0.0,0.0,0.0,0.0,0.0,0.0,0.0,0.0,0.0,0.0,0.0,0.0,0.0,0.0,0.0,0.0,0.0
Arabia Saudí,23.885942,45.079162,0.0,0.0,0.0,1.0,2.0,2.0,2.0,2.0,2.0,3.0,5.0,4.0,7.0,6.0,2.0,2.0,5.0,5.0,6.0,6.0,3.0,4.0,5.0,4.0,10.0,11.0,7.0,4.0,3.0,5.0,2.0,1.0,4.0,3.0,1.0,2.0,3.0,3.0,3.0,2.0,1.0,2.0,2.0,1.0,0.0,0.0,0.0,0.0
Azerbaiyán,40.143105,47.576927,0.0,0.0,0.0,0.0,0.0,0.0,0.0,0.0,0.0,0.0,0.0,0.0,0.0,0.0,0.0,0.0,0.0,0.0,1.0,1.0,0.0,0.0,0.0,0.0,0.0,0.0,0.0,0.0,0.0,0.0,0.0,0.0,0.0,0.0,0.0,0.0,0.0,0.0,0.0,0.0,0.0,0.0,0.0,0.0,0.0,0.0,0.0,0.0
Bahrein,26.0667,50.5577,0.0,0.0,0.0,0.0,0.0,0.0,0.0,0.0,0.0,0.0,0.0,0.0,0.0,0.0,0.0,0.0,0.0,0.0,0.0,0.0,0.0,0.0,0.0,0.0,0.0,0.0,0.0,0.0,0.0,0.0,1.0,1.0,1.0,1.0,0.0,0.0,0.0,0.0,0.0,0.0,0.0,0.0,0.0,0.0,0.0,0.0,0.0,0.0
Bangladesh,23.684994,90.356331,46.0,64.0,82.0,86.0,64.0,68.0,85.0,55.0,42.0,71.0,81.0,98.0,155.0,160.0,113.0,81.0,65.0,90.0,101.0,74.0,87.0,93.0,63.0,32.0,39.0,48.0,46.0,40.0,27.0,20.0,10.0,10.0,19.0,12.0,4.0,4.0,0.0,0.0,4.0,4.0,0.0,2.0,2.0,0.0,0.0,0.0,0.0,0.0
Brunei,4.535277,114.727669,0.0,0.0,0.0,0.0,0.0,0.0,0.0,0.0,0.0,0.0,0.0,0.0,0.0,0.0,0.0,0.0,0.0,0.0,0.0,0.0,0.0,0.0,0.0,0.0,0.0,0.0,0.0,0.0,0.0,0.0,0.0,0.0,0.0,0.0,0.0,0.0,0.0,0.0,0.0,0.0,0.0,0.0,0.0,0.0,0.0,0.0,0.0,0.0
Camboya,12.565679,104.990963,0.0,0.0,0.0,0.0,0.0,0.0,0.0,0.0,0.0,0.0,0.0,0.0,0.0,0.0,0.0,0.0,0.0,0.0,0.0,0.0,1.0,1.0,0.0,0.0,0.0,0.0,0.0,0.0,0.0,0.0,0.0,0.0,0.0,0.0,0.0,0.0,0.0,0.0,0.0,0.0,0.0,0.0,0.0,0.0,0.0,0.0,0.0,0.0
China,35.86166,104.195397,147.0,155.0,138.0,165.0,184.0,194.0,188.0,223.0,283.0,258.0,274.0,276.0,200.0,204.0,270.0,275.0,249.0,214.0,189.0,207.0,235.0,250.0,233.0,247.0,278.0,254.0,208.0,209.0,186.0,206.0,199.0,94.0,59.0,67.0,83.0,69.0,56.0,42.0,22.0,34.0,24.0,6.0,12.0,10.0,9.0,11.0,8.0,6.0
Corea,37.0,127.30,5.0,6.0,8.0,5.0,3.0,3.0,0.0,2.0,2.0,2.0,2.0,2.0,2.0,2.0,1.0,2.0,3.0,2.0,4.0,7.0,3.0,3.0,11.0,12.0,5.0,4.0,3.0,0.0,0.0,1.0,1.0,0.0,0.0,0.0,6.0,6.0,1.0,1.0,0.0,0.0,0.0,0.0,0.0,0.0,0.0,0.0,0.0,0.0
Corea del Norte,40.339852,127.510093,0.0,1.0,1.0,0.0,0.0,0.0,0.0,0.0,0.0,0.0,0.0,0.0,0.0,0.0,0.0,0.0,0.0,0.0,0.0,0.0,0.0,0.0,1.0,1.0,0.0,0.0,0.0,0.0,0.0,0.0,0.0,0.0,0.0,0.0,0.0,0.0,0.0,0.0,0.0,0.0,0.0,0.0,1.0,1.0,0.0,0.0,0.0,0.0
Emiratos Árabes Unidos,23.424076,53.847818,2.0,3.0,1.0,1.0,2.0,1.0,4.0,6.0,6.0,7.0,8.0,7.0,8.0,9.0,13.0,17.0,17.0,14.0,11.0,10.0,5.0,5.0,7.0,7.0,5.0,3.0,2.0,2.0,2.0,7.0,6.0,4.0,4.0,1.0,1.0,1.0,0.0,3.0,3.0,1.0,0.0,0.0,0.0,0.0,0.0,1.0,1.0,0.0
Filipinas,12.879721,121.774017,6.0,4.0,7.0,7.0,10.0,7.0,7.0,11.0,13.0,27.0,20.0,16.0,20.0,17.0,21.0,24.0,22.0,13.0,33.0,34.0,14.0,16.0,18.0,22.0,24.0,22.0,19.0,8.0,11.0,21.0,16.0,20.0,22.0,14.0,10.0,7.0,7.0,9.0,6.0,4.0,4.0,10.0,11.0,2.0,0.0,0.0,0.0,2.0
India,20.593684,78.96288,39.0,50.0,68.0,76.0,91.0,106.0,98.0,116.0,155.0,148.0,148.0,181.0,191.0,148.0,126.0,132.0,133.0,177.0,162.0,126.0,110.0,96.0,94.0,93.0,88.0,62.0,56.0,51.0,43.0,46.0,50.0,47.0,42.0,35.0,27.0,28.0,17.0,12.0,9.0,10.0,8.0,2.0,1.0,5.0,5.0,4.0,6.0,5.0
Indonesia,-0.789275,113.921327,0.0,0.0,1.0,1.0,0.0,1.0,1.0,1.0,3.0,3.0,1.0,1.0,1.0,1.0,2.0,3.0,2.0,1.0,2.0,1.0,0.0,0.0,0.0,1.0,1.0,2.0,2.0,0.0,0.0,1.0,2.0,1.0,1.0,1.0,0.0,0.0,0.0,0.0,0.0,1.0,1.0,0.0,0.0,0.0,0.0,0.0,0.0,0.0
Irán,32.427908,53.688046,0.0,0.0,0.0,4.0,4.0,0.0,0.0,4.0,6.0,7.0,5.0,3.0,3.0,6.0,6.0,0.0,2.0,2.0,0.0,1.0,1.0,4.0,10.0,6.0,0.0,0.0,0.0,0.0,0.0,3.0,3.0,0.0,0.0,0.0,0.0,0.0,0.0,0.0,0.0,0.0,2.0,2.0,0.0,0.0,0.0,0.0,0.0,0.0
Iraq,33.223191,43.679291,0.0,0.0,0.0,0.0,0.0,1.0,1.0,0.0,3.0,3.0,0.0,0.0,3.0,3.0,0.0,0.0,0.0,0.0,0.0,0.0,0.0,0.0,0.0,0.0,0.0,0.0,0.0,0.0,0.0,0.0,0.0,1.0,1.0,0.0,0.0,0.0,0.0,0.0,0.0,0.0,0.0,0.0,0.0,0.0,0.0,0.0,0.0,0.0
Islas Marshall,7.131474,171.184478,0.0,0.0,0.0,0.0,0.0,0.0,0.0,0.0,0.0,0.0,0.0,0.0,0.0,0.0,0.0,0.0,0.0,0.0,0.0,0.0,0.0,0.0,0.0,0.0,0.0,0.0,0.0,0.0,0.0,0.0,0.0,0.0,0.0,0.0,0.0,0.0,0.0,0.0,0.0,0.0,0.0,0.0,0.0,0.0,0.0,0.0,0.0,0.0
Israel,31.046051,34.851612,1.0,2.0,1.0,1.0,2.0,0.0,0.0,1.0,3.0,8.0,8.0,10.0,9.0,1.0,0.0,1.0,2.0,6.0,9.0,5.0,1.0,2.0,2.0,4.0,5.0,1.0,0.0,1.0,2.0,1.0,5.0,6.0,3.0,1.0,1.0,2.0,2.0,1.0,2.0,3.0,1.0,0.0,3.0,3.0,0.0,0.0,0.0,0.0
Japón,36.204824,138.252924,3.0,5.0,5.0,3.0,15.0,15.0,4.0,5.0,10.0,10.0,10.0,13.0,8.0,4.0,10.0,21.0,16.0,9.0,15.0,12.0,6.0,8.0,8.0,3.0,2.0,3.0,5.0,16.0,18.0,6.0,2.0,5.0,7.0,4.0,1.0,1.0,3.0,5.0,5.0,3.0,1.0,0.0,0.0,0.0,0.0,0.0,0.0,0.0
Jordania,30.585164,36.238414,0.0,0.0,0.0,0.0,0.0,1.0,1.0,0.0,0.0,4.0,4.0,1.0,2.0,2.0,0.0,0.0,0.0,1.0,1.0,0.0,3.0,3.0,1.0,1.0,0.0,1.0,2.0,1.0,0.0,0.0,4.0,4.0,4.0,7.0,3.0,0.0,0.0,0.0,0.0,0.0,0.0,0.0,0.0,0.0,0.0,0.0,0.0,0.0
Kazajstán,48.019573,66.923684,0.0,0.0,1.0,1.0,1.0,1.0,4.0,4.0,0.0,0.0,1.0,1.0,0.0,0.0,0.0,0.0,0.0,0.0,0.0,0.0,0.0,0.0,0.0,1.0,2.0,2.0,0.0,0.0,0.0,0.0,0.0,0.0,0.0,0.0,0.0,0.0,0.0,0.0,0.0,0.0,0.0,0.0,0.0,0.0,0.0,0.0,0.0,0.0
Kirguistán,41.20438,74.766098,0.0,0.0,0.0,0.0,0.0,0.0,0.0,0.0,0.0,0.0,0.0,0.0,0.0,0.0,0.0,0.0,0.0,0.0,0.0,0.0,0.0,0.0,0.0,0.0,0.0,0.0,0.0,0.0,0.0,0.0,0.0,0.0,0.0,0.0,0.0,0.0,0.0,0.0,0.0,0.0,0.0,0.0,0.0,0.0,0.0,0.0,0.0,0.0
Kuwait,29.31166,47.481766,0.0,0.0,0.0,0.0,0.0,0.0,0.0,0.0,0.0,0.0,0.0,0.0,1.0,2.0,1.0,0.0,1.0,1.0,0.0,1.0,2.0,2.0,1.0,1.0,1.0,0.0,1.0,1.0,0.0,0.0,0.0,0.0,0.0,0.0,0.0,0.0,0.0,1.0,1.0,1.0,1.0,0.0,0.0,0.0,0.0,0.0,0.0,0.0
Laos,19.85627,102.495496,0.0,0.0,0.0,0.0,0.0,0.0,0.0,0.0,0.0,0.0,0.0,0.0,0.0,0.0,0.0,0.0,0.0,0.0,0.0,0.0,0.0,0.0,0.0,0.0,0.0,0.0,0.0,0.0,0.0,0.0,0.0,0.0,0.0,0.0,0.0,0.0,0.0,0.0,0.0,0.0,0.0,0.0,0.0,0.0,0.0,0.0,0.0,0.0
Líbano,33.854721,35.862285,0.0,1.0,1.0,0.0,0.0,0.0,0.0,0.0,0.0,1.0,1.0,0.0,1.0,1.0,0.0,1.0,1.0,0.0,0.0,0.0,2.0,2.0,1.0,1.0,0.0,1.0,1.0,0.0,0.0,0.0,0.0,1.0,1.0,0.0,0.0,0.0,1.0,1.0,0.0,0.0,0.0,0.0,0.0,0.0,0.0,1.0,1.0,0.0
Malasia,4.210484,101.975766,0.0,0.0,0.0,0.0,0.0,0.0,1.0,1.0,0.0,1.0,1.0,0.0,3.0,3.0,1.0,1.0,1.0,0.0,1.0,1.0,0.0,0.0,0.0,1.0,3.0,2.0,1.0,0.0,1.0,1.0,0.0,0.0,0.0,0.0,0.0,0.0,1.0,1.0,0.0,0.0,0.0,0.0,0.0,0.0,0.0,0.0,0.0,0.0
Maldivas,1.9772469,73.5361035,0.0,0.0,0.0,0.0,0.0,0.0,0.0,0.0,0.0,0.0,0.0,0.0,0.0,0.0,0.0,0.0,0.0,0.0,0.0,0.0,0.0,0.0,0.0,0.0,0.0,0.0,0.0,0.0,0.0,0.0,0.0,0.0,0.0,0.0,0.0,0.0,0.0,0.0,0.0,0.0,0.0,0.0,0.0,0.0,0.0,0.0,0.0,0.0
Mongolia,46.862496,103.846656,0.0,0.0,0.0,0.0,1.0,1.0,0.0,0.0,0.0,4.0,4.0,0.0,4.0,4.0,0.0,0.0,0.0,3.0,3.0,3.0,3.0,0.0,0.0,1.0,1.0,0.0,0.0,0.0,0.0,0.0,0.0,0.0,0.0,0.0,0.0,0.0,0.0,0.0,0.0,0.0,0.0,0.0,0.0,0.0,0.0,0.0,0.0,0.0
Myanmar,21.913965,95.956223,0.0,0.0,0.0,0.0,0.0,0.0,0.0,0.0,0.0,0.0,0.0,0.0,0.0,0.0,0.0,1.0,1.0,0.0,0.0,0.0,0.0,0.0,0.0,0.0,0.0,0.0,0.0,0.0,0.0,0.0,0.0,0.0,0.0,0.0,0.0,0.0,0.0,0.0,0.0,0.0,0.0,0.0,0.0,0.0,0.0,0.0,0.0,0.0
Nepal,28.394857,84.12400799999999,0.0,0.0,3.0,4.0,2.0,2.0,0.0,0.0,0.0,0.0,0.0,0.0,1.0,1.0,0.0,0.0,0.0,0.0,0.0,0.0,1.0,1.0,0.0,0.0,0.0,0.0,0.0,0.0,0.0,0.0,0.0,0.0,0.0,0.0,0.0,0.0,0.0,0.0,0.0,0.0,0.0,0.0,0.0,0.0,0.0,0.0,0.0,0.0
Omán,21.512583,55.923255,0.0,0.0,0.0,0.0,0.0,1.0,1.0,0.0,0.0,0.0,0.0,0.0,0.0,0.0,0.0,1.0,1.0,2.0,1.0,3.0,3.0,1.0,1.0,0.0,1.0,1.0,0.0,0.0,0.0,0.0,0.0,0.0,0.0,1.0,1.0,0.0,0.0,0.0,0.0,0.0,0.0,0.0,0.0,0.0,0.0,0.0,0.0,0.0
Pakistán,30.375321,69.34511599999999,141.0,149.0,199.0,249.0,283.0,274.0,296.0,380.0,406.0,450.0,515.0,645.0,700.0,656.0,735.0,761.0,692.0,647.0,560.0,518.0,523.0,471.0,452.0,442.0,409.0,355.0,264.0,232.0,222.0,194.0,164.0,163.0,156.0,121.0,108.0,110.0,99.0,79.0,61.0,48.0,46.0,29.0,16.0,10.0,1.0,5.0,13.0,12.0
Qatar,25.354826,51.183884,0.0,0.0,1.0,2.0,2.0,1.0,0.0,3.0,5.0,5.0,4.0,5.0,5.0,5.0,8.0,8.0,5.0,7.0,8.0,6.0,5.0,3.0,2.0,3.0,4.0,3.0,3.0,2.0,0.0,1.0,2.0,1.0,3.0,3.0,1.0,0.0,1.0,1.0,0.0,0.0,0.0,0.0,1.0,2.0,2.0,1.0,0.0,0.0
Singapur,1.352083,103.819836,0.0,0.0,0.0,0.0,0.0,2.0,3.0,2.0,2.0,2.0,2.0,5.0,4.0,2.0,3.0,6.0,6.0,8.0,7.0,4.0,3.0,1.0,1.0,2.0,2.0,2.0,2.0,1.0,1.0,1.0,1.0,1.0,1.0,1.0,0.0,0.0,0.0,0.0,0.0,1.0,1.0,0.0,0.0,0.0,0.0,0.0,0.0,0.0
Siria,34.80207499999999,38.996815,2.0,2.0,6.0,8.0,6.0,5.0,6.0,6.0,8.0,8.0,9.0,12.0,13.0,11.0,11.0,12.0,13.0,14.0,12.0,9.0,11.0,10.0,8.0,7.0,7.0,7.0,5.0,4.0,4.0,5.0,5.0,3.0,3.0,3.0,4.0,4.0,2.0,1.0,1.0,1.0,1.0,2.0,1.0,0.0,1.0,1.0,0.0,0.0
Sri Lanka,7.873053999999999,80.77179699999999,0.0,0.0,0.0,0.0,0.0,1.0,1.0,0.0,0.0,0.0,0.0,0.0,0.0,0.0,0.0,0.0,0.0,0.0,0.0,0.0,0.0,0.0,0.0,0.0,0.0,0.0,0.0,0.0,0.0,0.0,0.0,0.0,0.0,0.0,0.0,0.0,0.0,0.0,0.0,0.0,0.0,0.0,0.0,0.0,0.0,0.0,0.0,0.0
Tadyikistán,,,0.0,0.0,0.0,0.0,0.0,0.0,0.0,0.0,0.0,0.0,0.0,0.0,0.0,0.0,0.0,0.0,0.0,0.0,0.0,0.0,0.0,0.0,0.0,0.0,0.0,0.0,0.0,0.0,0.0,0.0,0.0,0.0,0.0,0.0,0.0,0.0,0.0,0.0,0.0,0.0,0.0,0.0,0.0,0.0,0.0,0.0,0.0,0.0
Tailandia,15.870032,100.992541,1.0,1.0,0.0,0.0,0.0,1.0,3.0,2.0,5.0,5.0,2.0,1.0,2.0,3.0,2.0,1.0,3.0,6.0,5.0,3.0,6.0,8.0,3.0,2.0,2.0,2.0,1.0,1.0,1.0,1.0,1.0,1.0,0.0,1.0,0.0,0.0,3.0,5.0,2.0,0.0,1.0,1.0,1.0,2.0,1.0,1.0,1.0,1.0
Turkmenistán,38.969719,59.556278,0.0,0.0,0.0,0.0,0.0,0.0,0.0,0.0,0.0,0.0,0.0,0.0,0.0,0.0,0.0,0.0,0.0,0.0,0.0,0.0,0.0,0.0,0.0,0.0,0.0,0.0,0.0,0.0,0.0,0.0,0.0,0.0,0.0,0.0,0.0,0.0,0.0,0.0,0.0,0.0,0.0,0.0,0.0,0.0,0.0,0.0,0.0,0.0
Uzbekistán,41.377491,64.585262,0.0,0.0,0.0,0.0,0.0,0.0,0.0,3.0,4.0,2.0,1.0,0.0,0.0,1.0,4.0,3.0,0.0,0.0,0.0,1.0,1.0,0.0,0.0,0.0,0.0,0.0,0.0,0.0,0.0,3.0,3.0,0.0,0.0,0.0,0.0,0.0,0.0,0.0,0.0,0.0,0.0,0.0,0.0,0.0,0.0,0.0,0.0,0.0
Vietnam,14.058324,108.277199,0.0,0.0,0.0,1.0,1.0,0.0,1.0,1.0,1.0,1.0,1.0,0.0,0.0,0.0,2.0,8.0,9.0,8.0,6.0,1.0,4.0,4.0,1.0,2.0,1.0,1.0,0.0,2.0,2.0,0.0,2.0,2.0,0.0,0.0,0.0,0.0,0.0,0.0,0.0,0.0,0.0,0.0,1.0,1.0,0.0,0.0,0.0,1.0
Yemen,15.552727,48.516388,0.0,0.0,0.0,0.0,0.0,0.0,0.0,0.0,0.0,0.0,0.0,0.0,0.0,0.0,0.0,0.0,0.0,0.0,0.0,0.0,0.0,0.0,0.0,0.0,0.0,0.0,0.0,0.0,0.0,0.0,0.0,0.0,0.0,0.0,0.0,0.0,0.0,0.0,0.0,0.0,0.0,0.0,0.0,0.0,0.0,0.0,0.0,0.0
Países de Asia sin relaciones diplomáticas,,,3.0,1.0,0.0,0.0,0.0,0.0,0.0,0.0,0.0,0.0,0.0,0.0,0.0,0.0,0.0,1.0,1.0,1.0,1.0,0.0,2.0,2.0,0.0,0.0,0.0,0.0,0.0,0.0,0.0,1.0,1.0,0.0,0.0,0.0,0.0,0.0,1.0,1.0,0.0,0.0,0.0,0.0,0.0,0.0,0.0,0.0,3.0,3.0
TOTAL OCEANÍA,,,8.0,5.0,1.0,2.0,3.0,4.0,4.0,5.0,7.0,9.0,10.0,11.0,17.0,15.0,11.0,18.0,19.0,19.0,18.0,16.0,14.0,10.0,8.0,6.0,4.0,9.0,10.0,11.0,12.0,6.0,7.0,4.0,5.0,4.0,2.0,2.0,4.0,4.0,3.0,4.0,3.0,1.0,3.0,3.0,1.0,1.0,2.0,2.0
Australia,-25.274398,133.775136,7.0,5.0,0.0,1.0,2.0,4.0,4.0,5.0,7.0,9.0,10.0,11.0,13.0,11.0,10.0,15.0,15.0,15.0,15.0,15.0,14.0,9.0,6.0,5.0,4.0,5.0,6.0,11.0,12.0,5.0,5.0,3.0,5.0,4.0,0.0,0.0,3.0,4.0,3.0,4.0,3.0,1.0,3.0,3.0,1.0,1.0,2.0,2.0
Fiji,-17.713371,178.065032,0.0,0.0,0.0,0.0,0.0,0.0,0.0,0.0,0.0,0.0,0.0,0.0,0.0,0.0,0.0,0.0,0.0,0.0,0.0,0.0,0.0,0.0,0.0,0.0,0.0,0.0,0.0,0.0,0.0,0.0,0.0,0.0,0.0,0.0,0.0,0.0,0.0,0.0,0.0,0.0,0.0,0.0,0.0,0.0,0.0,0.0,0.0,0.0
Islas Cook,-21.236736,-159.777671,0.0,0.0,0.0,0.0,0.0,0.0,0.0,0.0,0.0,0.0,0.0,0.0,0.0,0.0,0.0,0.0,0.0,0.0,0.0,0.0,0.0,0.0,0.0,0.0,0.0,0.0,0.0,0.0,0.0,0.0,0.0,0.0,0.0,0.0,0.0,0.0,0.0,0.0,0.0,0.0,0.0,0.0,0.0,0.0,0.0,0.0,0.0,0.0
Islas Salomón,-9.64571,160.156194,0.0,0.0,0.0,0.0,0.0,0.0,0.0,0.0,0.0,0.0,0.0,0.0,0.0,0.0,0.0,0.0,0.0,0.0,0.0,0.0,0.0,0.0,0.0,0.0,0.0,0.0,0.0,0.0,0.0,0.0,0.0,0.0,0.0,0.0,0.0,0.0,0.0,0.0,0.0,0.0,0.0,0.0,0.0,0.0,0.0,0.0,0.0,0.0
Micronesia,6.8874574,158.2150717,0.0,0.0,0.0,0.0,0.0,0.0,0.0,0.0,0.0,0.0,0.0,0.0,0.0,0.0,0.0,0.0,0.0,0.0,0.0,0.0,0.0,0.0,0.0,0.0,0.0,0.0,0.0,0.0,0.0,0.0,0.0,0.0,0.0,0.0,0.0,0.0,0.0,0.0,0.0,0.0,0.0,0.0,0.0,0.0,0.0,0.0,0.0,0.0
Nauru,-0.522778,166.931503,0.0,0.0,0.0,0.0,0.0,0.0,0.0,0.0,0.0,0.0,0.0,0.0,0.0,0.0,0.0,0.0,0.0,0.0,0.0,0.0,0.0,0.0,0.0,0.0,0.0,0.0,0.0,0.0,0.0,0.0,0.0,0.0,0.0,0.0,0.0,0.0,0.0,0.0,0.0,0.0,0.0,0.0,0.0,0.0,0.0,0.0,0.0,0.0
Nueva Zelanda,-40.900557,174.885971,1.0,0.0,0.0,1.0,1.0,0.0,0.0,0.0,0.0,0.0,0.0,0.0,3.0,3.0,0.0,2.0,4.0,4.0,3.0,1.0,1.0,1.0,1.0,0.0,0.0,4.0,4.0,0.0,0.0,1.0,2.0,1.0,0.0,0.0,1.0,2.0,1.0,0.0,0.0,0.0,0.0,0.0,0.0,0.0,0.0,0.0,0.0,0.0
Palaos,7.514979999999999,134.58252,0.0,0.0,0.0,0.0,0.0,0.0,0.0,0.0,0.0,0.0,0.0,0.0,0.0,0.0,0.0,0.0,0.0,0.0,0.0,0.0,0.0,0.0,0.0,0.0,0.0,0.0,0.0,0.0,0.0,0.0,0.0,0.0,0.0,0.0,0.0,0.0,0.0,0.0,0.0,0.0,0.0,0.0,0.0,0.0,0.0,0.0,0.0,0.0
Papúa Nueva Guinea,-6.314992999999999,143.95555,0.0,0.0,0.0,0.0,0.0,0.0,0.0,0.0,0.0,0.0,0.0,0.0,0.0,0.0,0.0,0.0,0.0,0.0,0.0,0.0,0.0,0.0,0.0,0.0,0.0,0.0,0.0,0.0,0.0,0.0,0.0,0.0,0.0,0.0,0.0,0.0,0.0,0.0,0.0,0.0,0.0,0.0,0.0,0.0,0.0,0.0,0.0,0.0
Samoa,-13.759029,-172.104629,0.0,0.0,0.0,0.0,0.0,0.0,0.0,0.0,0.0,0.0,0.0,0.0,0.0,0.0,0.0,0.0,0.0,0.0,0.0,0.0,0.0,0.0,0.0,0.0,0.0,0.0,0.0,0.0,0.0,0.0,0.0,0.0,0.0,0.0,0.0,0.0,0.0,0.0,0.0,0.0,0.0,0.0,0.0,0.0,0.0,0.0,0.0,0.0
Timor Oriental,-8.874217,125.727539,0.0,0.0,0.0,0.0,0.0,0.0,0.0,0.0,0.0,0.0,0.0,0.0,1.0,1.0,0.0,0.0,0.0,0.0,0.0,0.0,0.0,0.0,1.0,1.0,0.0,0.0,0.0,0.0,0.0,0.0,0.0,0.0,0.0,0.0,0.0,0.0,0.0,0.0,0.0,0.0,0.0,0.0,0.0,0.0,0.0,0.0,0.0,0.0
Tonga,-21.178986,-175.198242,0.0,0.0,0.0,0.0,0.0,0.0,0.0,0.0,0.0,0.0,0.0,0.0,0.0,0.0,0.0,0.0,0.0,0.0,0.0,0.0,0.0,0.0,0.0,0.0,0.0,0.0,0.0,0.0,0.0,0.0,0.0,0.0,0.0,0.0,0.0,0.0,0.0,0.0,0.0,0.0,0.0,0.0,0.0,0.0,0.0,0.0,0.0,0.0
Tuvalu,-10.7280717,179.4726562,0.0,0.0,0.0,0.0,0.0,0.0,0.0,0.0,0.0,0.0,0.0,0.0,0.0,0.0,0.0,0.0,0.0,0.0,0.0,0.0,0.0,0.0,0.0,0.0,0.0,0.0,0.0,0.0,0.0,0.0,0.0,0.0,0.0,0.0,0.0,0.0,0.0,0.0,0.0,0.0,0.0,0.0,0.0,0.0,0.0,0.0,0.0,0.0
Vanuatu,-15.376706,166.959158,0.0,0.0,0.0,0.0,0.0,0.0,0.0,0.0,0.0,0.0,0.0,0.0,0.0,0.0,0.0,0.0,0.0,0.0,0.0,0.0,0.0,0.0,0.0,0.0,0.0,0.0,0.0,0.0,0.0,0.0,0.0,0.0,0.0,0.0,0.0,0.0,0.0,0.0,0.0,0.0,0.0,0.0,0.0,0.0,0.0,0.0,0.0,0.0
Países de Oceanía sin relaciones diplomáticas,,,0.0,0.0,0.0,0.0,0.0,0.0,0.0,0.0,0.0,0.0,0.0,0.0,0.0,0.0,0.0,0.0,0.0,0.0,0.0,0.0,0.0,0.0,0.0,0.0,0.0,0.0,0.0,0.0,0.0,0.0,0.0,0.0,0.0,0.0,0.0,0.0,0.0,0.0,0.0,0.0,0.0,0.0,0.0,0.0,0.0,0.0,0.0,0.0
